C-D-FF-12,/109f-blue-&-white-embroidered-dress-3.jpg,/109f-blue-&-white-embroidered-dress-3.jpg,109F Blue & White Embroidered Dress 3,/109f-blue-&-white-embroidered-dress-3.jpg,109F Blue & White Embroidered Dress 3,109F Blue & White Embroidered Dress 3
B-H-C-32,/coach-red-leather-bag-3.jpg,/coach-red-leather-bag-3.jpg,Coach Red Leather Bag 3,/coach-red-leather-bag-3.jpg,Coach Red Leather Bag 3,Coach Red Leather Bag 3
B-H-C-33,/coach-purple-&-white-handbag-3.jpg,/coach-purple-&-white-handbag-3.jpg,Coach Purple & White Handbag 3,/coach-purple-&-white-handbag-3.jpg,Coach Purple & White Handbag 3,Coach Purple & White Handbag 3
C-T-ZA-218,/zara-grey-&-pink-heart-print-crop-top-3.jpg,/zara-grey-&-pink-heart-print-crop-top-3.jpg,Zara Grey & Pink Heart Print Crop Top 3,/zara-grey-&-pink-heart-print-crop-top-3.jpg,Zara Grey & Pink Heart Print Crop Top 3,Zara Grey & Pink Heart Print Crop Top 3
C-T-ZA-219,/zara-white-&-pink-floral-crop-top-3.jpg,/zara-white-&-pink-floral-crop-top-3.jpg,Zara White & Pink Floral Crop Top 3,/zara-white-&-pink-floral-crop-top-3.jpg,Zara White & Pink Floral Crop Top 3,Zara White & Pink Floral Crop Top 3
C-T-ZA-220,/zara-charcoal-grey-bow-print-crop-top-3.jpg,/zara-charcoal-grey-bow-print-crop-top-3.jpg,Zara Charcoal Grey Bow Print Crop Top 3,/zara-charcoal-grey-bow-print-crop-top-3.jpg,Zara Charcoal Grey Bow Print Crop Top 3,Zara Charcoal Grey Bow Print Crop Top 3
C-T-VM-100,/vero-moda-black-&-white-stripedtop-with-orange-detailing-3.jpg,/vero-moda-black-&-white-stripedtop-with-orange-detailing-3.jpg,Vero Moda Black & White StripedTop With Orange Detailing 3,/vero-moda-black-&-white-stripedtop-with-orange-detailing-3.jpg,Vero Moda Black & White StripedTop With Orange Detailing 3,Vero Moda Black & White StripedTop With Orange Detailing 3
C-T-BE-45,/bebe-red-top-with-silver-studs-3.jpg,/bebe-red-top-with-silver-studs-3.jpg,Bebe Red Top With Silver Studs 3,/bebe-red-top-with-silver-studs-3.jpg,Bebe Red Top With Silver Studs 3,Bebe Red Top With Silver Studs 3
C-T-CK-20,/calvin-klein-black-spaghetti-strap-top-3.jpg,/calvin-klein-black-spaghetti-strap-top-3.jpg,Calvin Klein Black Spaghetti Strap Top 3,/calvin-klein-black-spaghetti-strap-top-3.jpg,Calvin Klein Black Spaghetti Strap Top 3,Calvin Klein Black Spaghetti Strap Top 3
B-H-JSN-01,/jessica-simpson-orange-cut-work-bag-3.jpg,/jessica-simpson-orange-cut-work-bag-3.jpg,Jessica Simpson Orange Cut Work Bag 3,/jessica-simpson-orange-cut-work-bag-3.jpg,Jessica Simpson Orange Cut Work Bag 3,Jessica Simpson Orange Cut Work Bag 3
C-T-VM-101,/vero-moda-black-&-silver-knitted-shrug-3.jpg,/vero-moda-black-&-silver-knitted-shrug-3.jpg,Vero Moda Black & Silver Knitted Shrug 3,/vero-moda-black-&-silver-knitted-shrug-3.jpg,Vero Moda Black & Silver Knitted Shrug 3,Vero Moda Black & Silver Knitted Shrug 3
B-H-KVZ-01,/kathy-van-zeeland-black-bag-with-studs-detailing-3.jpg,/kathy-van-zeeland-black-bag-with-studs-detailing-3.jpg,KATHY Van Zeeland Black Bag With Studs Detailing 3,/kathy-van-zeeland-black-bag-with-studs-detailing-3.jpg,KATHY Van Zeeland Black Bag With Studs Detailing 3,KATHY Van Zeeland Black Bag With Studs Detailing 3
C-D-KVS-04,/koovs-orange-strappy-dress-3.jpg,/koovs-orange-strappy-dress-3.jpg,Koovs Orange Strappy Dress 3,/koovs-orange-strappy-dress-3.jpg,Koovs Orange Strappy Dress 3,Koovs Orange Strappy Dress 3
C-D-VM-47,/vero-moda-black-&-golden-peplum-dress-3.jpg,/vero-moda-black-&-golden-peplum-dress-3.jpg,Vero Moda Black & Golden Peplum Dress 3,/vero-moda-black-&-golden-peplum-dress-3.jpg,Vero Moda Black & Golden Peplum Dress 3,Vero Moda Black & Golden Peplum Dress 3
C-B-MNG-49,/mango-blue-denim-trousers-3.jpg,/mango-blue-denim-trousers-3.jpg,Mango Blue Denim Trousers 3,/mango-blue-denim-trousers-3.jpg,Mango Blue Denim Trousers 3,Mango Blue Denim Trousers 3
C-D-ZA-78,/zara-blue-dress-with-beads-on-shoulders-3.jpg,/zara-blue-dress-with-beads-on-shoulders-3.jpg,Zara Blue Dress With Beads On Shoulders 3,/zara-blue-dress-with-beads-on-shoulders-3.jpg,Zara Blue Dress With Beads On Shoulders 3,Zara Blue Dress With Beads On Shoulders 3
C-T-A&F-13,/abercrombie-&-fitch-white-laced-top-3.jpg,/abercrombie-&-fitch-white-laced-top-3.jpg,Abercrombie & Fitch White Laced Top 3,/abercrombie-&-fitch-white-laced-top-3.jpg,Abercrombie & Fitch White Laced Top 3,Abercrombie & Fitch White Laced Top 3
C-T-KZ-23,/kazo-neon-green-top-with-peach-detailing-3.jpg,/kazo-neon-green-top-with-peach-detailing-3.jpg,Kazo Neon Green Top With Peach Detailing 3,/kazo-neon-green-top-with-peach-detailing-3.jpg,Kazo Neon Green Top With Peach Detailing 3,Kazo Neon Green Top With Peach Detailing 3
C-B-GP-27,/gap-blue-denim-skirt-3.jpg,/gap-blue-denim-skirt-3.jpg,Gap Blue Denim Skirt 3,/gap-blue-denim-skirt-3.jpg,Gap Blue Denim Skirt 3,Gap Blue Denim Skirt 3
C-B-ZA-103,/zara-blue-five-pocket-denim-jeans-3.jpg,/zara-blue-five-pocket-denim-jeans-3.jpg,Zara Blue Five Pocket Denim Jeans 3,/zara-blue-five-pocket-denim-jeans-3.jpg,Zara Blue Five Pocket Denim Jeans 3,Zara Blue Five Pocket Denim Jeans 3
C-D-MNG-69,/mango-blue-v-neck-dress-3.jpg,/mango-blue-v-neck-dress-3.jpg,Mango Blue V-Neck Dress 3,/mango-blue-v-neck-dress-3.jpg,Mango Blue V-Neck Dress 3,Mango Blue V-Neck Dress 3
C-B-BSOU-01,/bisou-bisou-red-&-blue-floral-skirt-3.jpg,/bisou-bisou-red-&-blue-floral-skirt-3.jpg,BISOU BISOU Red & Blue Floral Skirt 3,/bisou-bisou-red-&-blue-floral-skirt-3.jpg,BISOU BISOU Red & Blue Floral Skirt 3,BISOU BISOU Red & Blue Floral Skirt 3
C-T-ZA-224,/zara-black-ruffle-top-3.jpg,/zara-black-ruffle-top-3.jpg,Zara Black Ruffle Top 3,/zara-black-ruffle-top-3.jpg,Zara Black Ruffle Top 3,Zara Black Ruffle Top 3
C-T-ESP-46,/esprit-grey-&-pink-printed-&-embroidered-top-3.jpg,/esprit-grey-&-pink-printed-&-embroidered-top-3.jpg,Esprit Grey & Pink Printed & Embroidered Top 3,/esprit-grey-&-pink-printed-&-embroidered-top-3.jpg,Esprit Grey & Pink Printed & Embroidered Top 3,Esprit Grey & Pink Printed & Embroidered Top 3
C-T-LAQU-04,/latin-quarters-black-top-with-silver-studs-3.jpg,/latin-quarters-black-top-with-silver-studs-3.jpg,Latin Quarters Black Top With Silver Studs 3,/latin-quarters-black-top-with-silver-studs-3.jpg,Latin Quarters Black Top With Silver Studs 3,Latin Quarters Black Top With Silver Studs 3
C-T-ZA-225,/zara-blue-knit-shrug-3.jpg,/zara-blue-knit-shrug-3.jpg,Zara Blue Knit Shrug 3,/zara-blue-knit-shrug-3.jpg,Zara Blue Knit Shrug 3,Zara Blue Knit Shrug 3
C-T-TH-52,/tommy-hilfiger-purple-v-neck-knit-top-3.jpg,/tommy-hilfiger-purple-v-neck-knit-top-3.jpg,Tommy Hilfiger Purple V-Neck Knit Top 3,/tommy-hilfiger-purple-v-neck-knit-top-3.jpg,Tommy Hilfiger Purple V-Neck Knit Top 3,Tommy Hilfiger Purple V-Neck Knit Top 3
C-D-GP-08,/gap-blue-paisley-print-spaghetti-strap-maxi-dress-3.jpg,/gap-blue-paisley-print-spaghetti-strap-maxi-dress-3.jpg,Gap Blue Paisley Print Spaghetti Strap Maxi Dress 3,/gap-blue-paisley-print-spaghetti-strap-maxi-dress-3.jpg,Gap Blue Paisley Print Spaghetti Strap Maxi Dress 3,Gap Blue Paisley Print Spaghetti Strap Maxi Dress 3
C-T-LRL-08,/lauren-by-ralph-lauren-purple-beaded-top-3.jpg,/lauren-by-ralph-lauren-purple-beaded-top-3.jpg,Lauren by Ralph Lauren Purple Beaded Top 3,/lauren-by-ralph-lauren-purple-beaded-top-3.jpg,Lauren by Ralph Lauren Purple Beaded Top 3,Lauren by Ralph Lauren Purple Beaded Top 3
C-T-TL-03,/the-limited-blue-top-with-gathers-detailing-3.jpg,/the-limited-blue-top-with-gathers-detailing-3.jpg,The limited Blue Top With Gathers Detailing 3,/the-limited-blue-top-with-gathers-detailing-3.jpg,The limited Blue Top With Gathers Detailing 3,The limited Blue Top With Gathers Detailing 3
C-B-DKNY-01,/dkny-grey-knitted-capri-3.jpg,/dkny-grey-knitted-capri-3.jpg,DKNY Grey Knitted Capri 3,/dkny-grey-knitted-capri-3.jpg,DKNY Grey Knitted Capri 3,DKNY Grey Knitted Capri 3
C-B-DKNY-02,/dkny-black-diagonal-pockets-shorts-3.jpg,/dkny-black-diagonal-pockets-shorts-3.jpg,DKNY Black Diagonal Pockets Shorts 3,/dkny-black-diagonal-pockets-shorts-3.jpg,DKNY Black Diagonal Pockets Shorts 3,DKNY Black Diagonal Pockets Shorts 3
C-T-PA-03,/park-avenue-magenta-buttoned-shirt-3.jpg,/park-avenue-magenta-buttoned-shirt-3.jpg,Park Avenue Magenta Buttoned Shirt 3,/park-avenue-magenta-buttoned-shirt-3.jpg,Park Avenue Magenta Buttoned Shirt 3,Park Avenue Magenta Buttoned Shirt 3
C-T-PA-04,/park-avenue-purple-buttoned-shirt-3.jpg,/park-avenue-purple-buttoned-shirt-3.jpg,Park Avenue Purple Buttoned Shirt 3,/park-avenue-purple-buttoned-shirt-3.jpg,Park Avenue Purple Buttoned Shirt 3,Park Avenue Purple Buttoned Shirt 3
C-T-TS-14,/talbots-purple-top-with-beaded-neckline-3.jpg,/talbots-purple-top-with-beaded-neckline-3.jpg,Talbots Purple Top With Beaded Neckline 3,/talbots-purple-top-with-beaded-neckline-3.jpg,Talbots Purple Top With Beaded Neckline 3,Talbots Purple Top With Beaded Neckline 3
C-T-CK-21,/calvin-klein-blue-round-neck-knit-top-3.jpg,/calvin-klein-blue-round-neck-knit-top-3.jpg,Calvin Klein Blue Round Neck Knit Top 3,/calvin-klein-blue-round-neck-knit-top-3.jpg,Calvin Klein Blue Round Neck Knit Top 3,Calvin Klein Blue Round Neck Knit Top 3
C-T-RL-51,/ralph-lauren-brown-knitted-jumper-3.jpg,/ralph-lauren-brown-knitted-jumper-3.jpg,Ralph Lauren Brown Knitted Jumper 3,/ralph-lauren-brown-knitted-jumper-3.jpg,Ralph Lauren Brown Knitted Jumper 3,Ralph Lauren Brown Knitted Jumper 3
C-T-ZA-226,/zara-blue-knitted-buttoned-top-3.jpg,/zara-blue-knitted-buttoned-top-3.jpg,Zara Blue Knitted Buttoned Top 3,/zara-blue-knitted-buttoned-top-3.jpg,Zara Blue Knitted Buttoned Top 3,Zara Blue Knitted Buttoned Top 3
C-T-MD-15,/massimo-dutti-blue-jumper-with-hoodie-3.jpg,/massimo-dutti-blue-jumper-with-hoodie-3.jpg,Massimo Dutti Blue Jumper With Hoodie 3,/massimo-dutti-blue-jumper-with-hoodie-3.jpg,Massimo Dutti Blue Jumper With Hoodie 3,Massimo Dutti Blue Jumper With Hoodie 3
S-H-GS-01,/guess-black-animal-print-sandals-3.jpg,/guess-black-animal-print-sandals-3.jpg,Guess Black Animal Print Sandals 3,/guess-black-animal-print-sandals-3.jpg,Guess Black Animal Print Sandals 3,Guess Black Animal Print Sandals 3
C-T-TH-53,/tommy-hilfiger-black-knitted-round-neck-top-3.jpg,/tommy-hilfiger-black-knitted-round-neck-top-3.jpg,Tommy Hilfiger Black Knitted Round Neck Top 3,/tommy-hilfiger-black-knitted-round-neck-top-3.jpg,Tommy Hilfiger Black Knitted Round Neck Top 3,Tommy Hilfiger Black Knitted Round Neck Top 3
C-T-VH-24,/van-heusen-beige-&-brown-striped-ruffle-shirt-3.jpg,/van-heusen-beige-&-brown-striped-ruffle-shirt-3.jpg,Van Heusen Beige & Brown Striped Ruffle Shirt 3,/van-heusen-beige-&-brown-striped-ruffle-shirt-3.jpg,Van Heusen Beige & Brown Striped Ruffle Shirt 3,Van Heusen Beige & Brown Striped Ruffle Shirt 3
C-T-IN-01,"/inc-international-concept-purple,-green-&-black-printed-top-3.jpg","/inc-international-concept-purple,-green-&-black-printed-top-3.jpg","INC International Concept Purple, Green & Black Printed Top 3","/inc-international-concept-purple,-green-&-black-printed-top-3.jpg","INC International Concept Purple, Green & Black Printed Top 3","INC International Concept Purple, Green & Black Printed Top 3"
C-T-MNS-103,/marks-and-spencer-red-knitted-shrug-3.jpg,/marks-and-spencer-red-knitted-shrug-3.jpg,Marks and Spencer Red Knitted Shrug 3,/marks-and-spencer-red-knitted-shrug-3.jpg,Marks and Spencer Red Knitted Shrug 3,Marks and Spencer Red Knitted Shrug 3
,,,,,,
,,,,,,
,,,,,,
,,,,,,
C-D-FF-12,/109f-blue-&-white-embroidered-dress-2.jpg,/109f-blue-&-white-embroidered-dress-2.jpg,109F Blue & White Embroidered Dress 2,/109f-blue-&-white-embroidered-dress-2.jpg,109F Blue & White Embroidered Dress 2,109F Blue & White Embroidered Dress 2
B-H-C-32,/coach-red-leather-bag-2.jpg,/coach-red-leather-bag-2.jpg,Coach Red Leather Bag 2,/coach-red-leather-bag-2.jpg,Coach Red Leather Bag 2,Coach Red Leather Bag 2
B-H-C-33,/coach-purple-&-white-handbag-2.jpg,/coach-purple-&-white-handbag-2.jpg,Coach Purple & White Handbag 2,/coach-purple-&-white-handbag-2.jpg,Coach Purple & White Handbag 2,Coach Purple & White Handbag 2
C-T-ZA-218,/zara-grey-&-pink-heart-print-crop-top-2.jpg,/zara-grey-&-pink-heart-print-crop-top-2.jpg,Zara Grey & Pink Heart Print Crop Top 2,/zara-grey-&-pink-heart-print-crop-top-2.jpg,Zara Grey & Pink Heart Print Crop Top 2,Zara Grey & Pink Heart Print Crop Top 2
C-T-ZA-219,/zara-white-&-pink-floral-crop-top-2.jpg,/zara-white-&-pink-floral-crop-top-2.jpg,Zara White & Pink Floral Crop Top 2,/zara-white-&-pink-floral-crop-top-2.jpg,Zara White & Pink Floral Crop Top 2,Zara White & Pink Floral Crop Top 2
C-T-ZA-220,/zara-charcoal-grey-bow-print-crop-top-2.jpg,/zara-charcoal-grey-bow-print-crop-top-2.jpg,Zara Charcoal Grey Bow Print Crop Top 2,/zara-charcoal-grey-bow-print-crop-top-2.jpg,Zara Charcoal Grey Bow Print Crop Top 2,Zara Charcoal Grey Bow Print Crop Top 2
C-T-VM-100,/vero-moda-black-&-white-stripedtop-with-orange-detailing-2.jpg,/vero-moda-black-&-white-stripedtop-with-orange-detailing-2.jpg,Vero Moda Black & White StripedTop With Orange Detailing 2,/vero-moda-black-&-white-stripedtop-with-orange-detailing-2.jpg,Vero Moda Black & White StripedTop With Orange Detailing 2,Vero Moda Black & White StripedTop With Orange Detailing 2
C-T-BE-45,/bebe-red-top-with-silver-studs-2.jpg,/bebe-red-top-with-silver-studs-2.jpg,Bebe Red Top With Silver Studs 2,/bebe-red-top-with-silver-studs-2.jpg,Bebe Red Top With Silver Studs 2,Bebe Red Top With Silver Studs 2
C-T-CK-20,/calvin-klein-black-spaghetti-strap-top-2.jpg,/calvin-klein-black-spaghetti-strap-top-2.jpg,Calvin Klein Black Spaghetti Strap Top 2,/calvin-klein-black-spaghetti-strap-top-2.jpg,Calvin Klein Black Spaghetti Strap Top 2,Calvin Klein Black Spaghetti Strap Top 2
B-H-JSN-01,/jessica-simpson-orange-cut-work-bag-2.jpg,/jessica-simpson-orange-cut-work-bag-2.jpg,Jessica Simpson Orange Cut Work Bag 2,/jessica-simpson-orange-cut-work-bag-2.jpg,Jessica Simpson Orange Cut Work Bag 2,Jessica Simpson Orange Cut Work Bag 2
C-T-VM-101,/vero-moda-black-&-silver-knitted-shrug-2.jpg,/vero-moda-black-&-silver-knitted-shrug-2.jpg,Vero Moda Black & Silver Knitted Shrug 2,/vero-moda-black-&-silver-knitted-shrug-2.jpg,Vero Moda Black & Silver Knitted Shrug 2,Vero Moda Black & Silver Knitted Shrug 2
B-H-KVZ-01,/kathy-van-zeeland-black-bag-with-studs-detailing-2.jpg,/kathy-van-zeeland-black-bag-with-studs-detailing-2.jpg,KATHY Van Zeeland Black Bag With Studs Detailing 2,/kathy-van-zeeland-black-bag-with-studs-detailing-2.jpg,KATHY Van Zeeland Black Bag With Studs Detailing 2,KATHY Van Zeeland Black Bag With Studs Detailing 2
C-D-KVS-04,/koovs-orange-strappy-dress-2.jpg,/koovs-orange-strappy-dress-2.jpg,Koovs Orange Strappy Dress 2,/koovs-orange-strappy-dress-2.jpg,Koovs Orange Strappy Dress 2,Koovs Orange Strappy Dress 2
C-D-VM-47,/vero-moda-black-&-golden-peplum-dress-2.jpg,/vero-moda-black-&-golden-peplum-dress-2.jpg,Vero Moda Black & Golden Peplum Dress 2,/vero-moda-black-&-golden-peplum-dress-2.jpg,Vero Moda Black & Golden Peplum Dress 2,Vero Moda Black & Golden Peplum Dress 2
C-B-MNG-49,/mango-blue-denim-trousers-2.jpg,/mango-blue-denim-trousers-2.jpg,Mango Blue Denim Trousers 2,/mango-blue-denim-trousers-2.jpg,Mango Blue Denim Trousers 2,Mango Blue Denim Trousers 2
C-D-ZA-78,/zara-blue-dress-with-beads-on-shoulders-2.jpg,/zara-blue-dress-with-beads-on-shoulders-2.jpg,Zara Blue Dress With Beads On Shoulders 2,/zara-blue-dress-with-beads-on-shoulders-2.jpg,Zara Blue Dress With Beads On Shoulders 2,Zara Blue Dress With Beads On Shoulders 2
C-T-A&F-13,/abercrombie-&-fitch-white-laced-top-2.jpg,/abercrombie-&-fitch-white-laced-top-2.jpg,Abercrombie & Fitch White Laced Top 2,/abercrombie-&-fitch-white-laced-top-2.jpg,Abercrombie & Fitch White Laced Top 2,Abercrombie & Fitch White Laced Top 2
C-T-KZ-23,/kazo-neon-green-top-with-peach-detailing-2.jpg,/kazo-neon-green-top-with-peach-detailing-2.jpg,Kazo Neon Green Top With Peach Detailing 2,/kazo-neon-green-top-with-peach-detailing-2.jpg,Kazo Neon Green Top With Peach Detailing 2,Kazo Neon Green Top With Peach Detailing 2
C-B-GP-27,/gap-blue-denim-skirt-2.jpg,/gap-blue-denim-skirt-2.jpg,Gap Blue Denim Skirt 2,/gap-blue-denim-skirt-2.jpg,Gap Blue Denim Skirt 2,Gap Blue Denim Skirt 2
C-B-ZA-103,/zara-blue-five-pocket-denim-jeans-2.jpg,/zara-blue-five-pocket-denim-jeans-2.jpg,Zara Blue Five Pocket Denim Jeans 2,/zara-blue-five-pocket-denim-jeans-2.jpg,Zara Blue Five Pocket Denim Jeans 2,Zara Blue Five Pocket Denim Jeans 2
C-D-MNG-69,/mango-blue-v-neck-dress-2.jpg,/mango-blue-v-neck-dress-2.jpg,Mango Blue V-Neck Dress 2,/mango-blue-v-neck-dress-2.jpg,Mango Blue V-Neck Dress 2,Mango Blue V-Neck Dress 2
C-B-BSOU-01,/bisou-bisou-red-&-blue-floral-skirt-2.jpg,/bisou-bisou-red-&-blue-floral-skirt-2.jpg,BISOU BISOU Red & Blue Floral Skirt 2,/bisou-bisou-red-&-blue-floral-skirt-2.jpg,BISOU BISOU Red & Blue Floral Skirt 2,BISOU BISOU Red & Blue Floral Skirt 2
C-T-ZA-224,/zara-black-ruffle-top-2.jpg,/zara-black-ruffle-top-2.jpg,Zara Black Ruffle Top 2,/zara-black-ruffle-top-2.jpg,Zara Black Ruffle Top 2,Zara Black Ruffle Top 2
C-T-ESP-46,/esprit-grey-&-pink-printed-&-embroidered-top-2.jpg,/esprit-grey-&-pink-printed-&-embroidered-top-2.jpg,Esprit Grey & Pink Printed & Embroidered Top 2,/esprit-grey-&-pink-printed-&-embroidered-top-2.jpg,Esprit Grey & Pink Printed & Embroidered Top 2,Esprit Grey & Pink Printed & Embroidered Top 2
C-T-LAQU-04,/latin-quarters-black-top-with-silver-studs-2.jpg,/latin-quarters-black-top-with-silver-studs-2.jpg,Latin Quarters Black Top With Silver Studs 2,/latin-quarters-black-top-with-silver-studs-2.jpg,Latin Quarters Black Top With Silver Studs 2,Latin Quarters Black Top With Silver Studs 2
C-T-ZA-225,/zara-blue-knit-shrug-2.jpg,/zara-blue-knit-shrug-2.jpg,Zara Blue Knit Shrug 2,/zara-blue-knit-shrug-2.jpg,Zara Blue Knit Shrug 2,Zara Blue Knit Shrug 2
C-T-TH-52,/tommy-hilfiger-purple-v-neck-knit-top-2.jpg,/tommy-hilfiger-purple-v-neck-knit-top-2.jpg,Tommy Hilfiger Purple V-Neck Knit Top 2,/tommy-hilfiger-purple-v-neck-knit-top-2.jpg,Tommy Hilfiger Purple V-Neck Knit Top 2,Tommy Hilfiger Purple V-Neck Knit Top 2
C-D-GP-08,/gap-blue-paisley-print-spaghetti-strap-maxi-dress-2.jpg,/gap-blue-paisley-print-spaghetti-strap-maxi-dress-2.jpg,Gap Blue Paisley Print Spaghetti Strap Maxi Dress 2,/gap-blue-paisley-print-spaghetti-strap-maxi-dress-2.jpg,Gap Blue Paisley Print Spaghetti Strap Maxi Dress 2,Gap Blue Paisley Print Spaghetti Strap Maxi Dress 2
C-T-LRL-08,/lauren-by-ralph-lauren-purple-beaded-top-2.jpg,/lauren-by-ralph-lauren-purple-beaded-top-2.jpg,Lauren by Ralph Lauren Purple Beaded Top 2,/lauren-by-ralph-lauren-purple-beaded-top-2.jpg,Lauren by Ralph Lauren Purple Beaded Top 2,Lauren by Ralph Lauren Purple Beaded Top 2
C-T-TL-03,/the-limited-blue-top-with-gathers-detailing-2.jpg,/the-limited-blue-top-with-gathers-detailing-2.jpg,The limited Blue Top With Gathers Detailing 2,/the-limited-blue-top-with-gathers-detailing-2.jpg,The limited Blue Top With Gathers Detailing 2,The limited Blue Top With Gathers Detailing 2
C-B-DKNY-01,/dkny-grey-knitted-capri-2.jpg,/dkny-grey-knitted-capri-2.jpg,DKNY Grey Knitted Capri 2,/dkny-grey-knitted-capri-2.jpg,DKNY Grey Knitted Capri 2,DKNY Grey Knitted Capri 2
C-B-DKNY-02,/dkny-black-diagonal-pockets-shorts-2.jpg,/dkny-black-diagonal-pockets-shorts-2.jpg,DKNY Black Diagonal Pockets Shorts 2,/dkny-black-diagonal-pockets-shorts-2.jpg,DKNY Black Diagonal Pockets Shorts 2,DKNY Black Diagonal Pockets Shorts 2
C-T-PA-03,/park-avenue-magenta-buttoned-shirt-2.jpg,/park-avenue-magenta-buttoned-shirt-2.jpg,Park Avenue Magenta Buttoned Shirt 2,/park-avenue-magenta-buttoned-shirt-2.jpg,Park Avenue Magenta Buttoned Shirt 2,Park Avenue Magenta Buttoned Shirt 2
C-T-PA-04,/park-avenue-purple-buttoned-shirt-2.jpg,/park-avenue-purple-buttoned-shirt-2.jpg,Park Avenue Purple Buttoned Shirt 2,/park-avenue-purple-buttoned-shirt-2.jpg,Park Avenue Purple Buttoned Shirt 2,Park Avenue Purple Buttoned Shirt 2
C-T-TS-14,/talbots-purple-top-with-beaded-neckline-2.jpg,/talbots-purple-top-with-beaded-neckline-2.jpg,Talbots Purple Top With Beaded Neckline 2,/talbots-purple-top-with-beaded-neckline-2.jpg,Talbots Purple Top With Beaded Neckline 2,Talbots Purple Top With Beaded Neckline 2
C-T-CK-21,/calvin-klein-blue-round-neck-knit-top-2.jpg,/calvin-klein-blue-round-neck-knit-top-2.jpg,Calvin Klein Blue Round Neck Knit Top 2,/calvin-klein-blue-round-neck-knit-top-2.jpg,Calvin Klein Blue Round Neck Knit Top 2,Calvin Klein Blue Round Neck Knit Top 2
C-T-RL-51,/ralph-lauren-brown-knitted-jumper-2.jpg,/ralph-lauren-brown-knitted-jumper-2.jpg,Ralph Lauren Brown Knitted Jumper 2,/ralph-lauren-brown-knitted-jumper-2.jpg,Ralph Lauren Brown Knitted Jumper 2,Ralph Lauren Brown Knitted Jumper 2
C-T-ZA-226,/zara-blue-knitted-buttoned-top-2.jpg,/zara-blue-knitted-buttoned-top-2.jpg,Zara Blue Knitted Buttoned Top 2,/zara-blue-knitted-buttoned-top-2.jpg,Zara Blue Knitted Buttoned Top 2,Zara Blue Knitted Buttoned Top 2
C-T-MD-15,/massimo-dutti-blue-jumper-with-hoodie-2.jpg,/massimo-dutti-blue-jumper-with-hoodie-2.jpg,Massimo Dutti Blue Jumper With Hoodie 2,/massimo-dutti-blue-jumper-with-hoodie-2.jpg,Massimo Dutti Blue Jumper With Hoodie 2,Massimo Dutti Blue Jumper With Hoodie 2
S-H-GS-01,/guess-black-animal-print-sandals-2.jpg,/guess-black-animal-print-sandals-2.jpg,Guess Black Animal Print Sandals 2,/guess-black-animal-print-sandals-2.jpg,Guess Black Animal Print Sandals 2,Guess Black Animal Print Sandals 2
C-T-TH-53,/tommy-hilfiger-black-knitted-round-neck-top-2.jpg,/tommy-hilfiger-black-knitted-round-neck-top-2.jpg,Tommy Hilfiger Black Knitted Round Neck Top 2,/tommy-hilfiger-black-knitted-round-neck-top-2.jpg,Tommy Hilfiger Black Knitted Round Neck Top 2,Tommy Hilfiger Black Knitted Round Neck Top 2
C-T-VH-24,/van-heusen-beige-&-brown-striped-ruffle-shirt-2.jpg,/van-heusen-beige-&-brown-striped-ruffle-shirt-2.jpg,Van Heusen Beige & Brown Striped Ruffle Shirt 2,/van-heusen-beige-&-brown-striped-ruffle-shirt-2.jpg,Van Heusen Beige & Brown Striped Ruffle Shirt 2,Van Heusen Beige & Brown Striped Ruffle Shirt 2
C-T-IN-01,"/inc-international-concept-purple,-green-&-black-printed-top-2.jpg","/inc-international-concept-purple,-green-&-black-printed-top-2.jpg","INC International Concept Purple, Green & Black Printed Top 2","/inc-international-concept-purple,-green-&-black-printed-top-2.jpg","INC International Concept Purple, Green & Black Printed Top 2","INC International Concept Purple, Green & Black Printed Top 2"
C-T-MNS-103,/marks-and-spencer-red-knitted-shrug-2.jpg,/marks-and-spencer-red-knitted-shrug-2.jpg,Marks and Spencer Red Knitted Shrug 2,/marks-and-spencer-red-knitted-shrug-2.jpg,Marks and Spencer Red Knitted Shrug 2,Marks and Spencer Red Knitted Shrug 2
,,,,,,
,,,,,,
,,,,,,
,,,,,,
,,,,,,
C-D-FF-12,/109f-blue-&-white-embroidered-dress-1.jpg,/109f-blue-&-white-embroidered-dress-1.jpg,109F Blue & White Embroidered Dress 1,/109f-blue-&-white-embroidered-dress-1.jpg,109F Blue & White Embroidered Dress 1,109F Blue & White Embroidered Dress 1
B-H-C-32,/coach-red-leather-bag-1.jpg,/coach-red-leather-bag-1.jpg,Coach Red Leather Bag 1,/coach-red-leather-bag-1.jpg,Coach Red Leather Bag 1,Coach Red Leather Bag 1
B-H-C-33,/coach-purple-&-white-handbag-1.jpg,/coach-purple-&-white-handbag-1.jpg,Coach Purple & White Handbag 1,/coach-purple-&-white-handbag-1.jpg,Coach Purple & White Handbag 1,Coach Purple & White Handbag 1
C-T-ZA-218,/zara-grey-&-pink-heart-print-crop-top-1.jpg,/zara-grey-&-pink-heart-print-crop-top-1.jpg,Zara Grey & Pink Heart Print Crop Top 1,/zara-grey-&-pink-heart-print-crop-top-1.jpg,Zara Grey & Pink Heart Print Crop Top 1,Zara Grey & Pink Heart Print Crop Top 1
C-T-ZA-219,/zara-white-&-pink-floral-crop-top-1.jpg,/zara-white-&-pink-floral-crop-top-1.jpg,Zara White & Pink Floral Crop Top 1,/zara-white-&-pink-floral-crop-top-1.jpg,Zara White & Pink Floral Crop Top 1,Zara White & Pink Floral Crop Top 1
C-T-ZA-220,/zara-charcoal-grey-bow-print-crop-top-1.jpg,/zara-charcoal-grey-bow-print-crop-top-1.jpg,Zara Charcoal Grey Bow Print Crop Top 1,/zara-charcoal-grey-bow-print-crop-top-1.jpg,Zara Charcoal Grey Bow Print Crop Top 1,Zara Charcoal Grey Bow Print Crop Top 1
C-T-VM-100,/vero-moda-black-&-white-stripedtop-with-orange-detailing-1.jpg,/vero-moda-black-&-white-stripedtop-with-orange-detailing-1.jpg,Vero Moda Black & White StripedTop With Orange Detailing 1,/vero-moda-black-&-white-stripedtop-with-orange-detailing-1.jpg,Vero Moda Black & White StripedTop With Orange Detailing 1,Vero Moda Black & White StripedTop With Orange Detailing 1
C-T-BE-45,/bebe-red-top-with-silver-studs-1.jpg,/bebe-red-top-with-silver-studs-1.jpg,Bebe Red Top With Silver Studs 1,/bebe-red-top-with-silver-studs-1.jpg,Bebe Red Top With Silver Studs 1,Bebe Red Top With Silver Studs 1
C-T-CK-20,/calvin-klein-black-spaghetti-strap-top-1.jpg,/calvin-klein-black-spaghetti-strap-top-1.jpg,Calvin Klein Black Spaghetti Strap Top 1,/calvin-klein-black-spaghetti-strap-top-1.jpg,Calvin Klein Black Spaghetti Strap Top 1,Calvin Klein Black Spaghetti Strap Top 1
B-H-JSN-01,/jessica-simpson-orange-cut-work-bag-1.jpg,/jessica-simpson-orange-cut-work-bag-1.jpg,Jessica Simpson Orange Cut Work Bag 1,/jessica-simpson-orange-cut-work-bag-1.jpg,Jessica Simpson Orange Cut Work Bag 1,Jessica Simpson Orange Cut Work Bag 1
C-T-VM-101,/vero-moda-black-&-silver-knitted-shrug-1.jpg,/vero-moda-black-&-silver-knitted-shrug-1.jpg,Vero Moda Black & Silver Knitted Shrug 1,/vero-moda-black-&-silver-knitted-shrug-1.jpg,Vero Moda Black & Silver Knitted Shrug 1,Vero Moda Black & Silver Knitted Shrug 1
B-H-KVZ-01,/kathy-van-zeeland-black-bag-with-studs-detailing-1.jpg,/kathy-van-zeeland-black-bag-with-studs-detailing-1.jpg,KATHY Van Zeeland Black Bag With Studs Detailing 1,/kathy-van-zeeland-black-bag-with-studs-detailing-1.jpg,KATHY Van Zeeland Black Bag With Studs Detailing 1,KATHY Van Zeeland Black Bag With Studs Detailing 1
C-D-KVS-04,/koovs-orange-strappy-dress-1.jpg,/koovs-orange-strappy-dress-1.jpg,Koovs Orange Strappy Dress 1,/koovs-orange-strappy-dress-1.jpg,Koovs Orange Strappy Dress 1,Koovs Orange Strappy Dress 1
C-D-VM-47,/vero-moda-black-&-golden-peplum-dress-1.jpg,/vero-moda-black-&-golden-peplum-dress-1.jpg,Vero Moda Black & Golden Peplum Dress 1,/vero-moda-black-&-golden-peplum-dress-1.jpg,Vero Moda Black & Golden Peplum Dress 1,Vero Moda Black & Golden Peplum Dress 1
C-B-MNG-49,/mango-blue-denim-trousers-1.jpg,/mango-blue-denim-trousers-1.jpg,Mango Blue Denim Trousers 1,/mango-blue-denim-trousers-1.jpg,Mango Blue Denim Trousers 1,Mango Blue Denim Trousers 1
C-D-ZA-78,/zara-blue-dress-with-beads-on-shoulders-1.jpg,/zara-blue-dress-with-beads-on-shoulders-1.jpg,Zara Blue Dress With Beads On Shoulders 1,/zara-blue-dress-with-beads-on-shoulders-1.jpg,Zara Blue Dress With Beads On Shoulders 1,Zara Blue Dress With Beads On Shoulders 1
C-T-A&F-13,/abercrombie-&-fitch-white-laced-top-1.jpg,/abercrombie-&-fitch-white-laced-top-1.jpg,Abercrombie & Fitch White Laced Top 1,/abercrombie-&-fitch-white-laced-top-1.jpg,Abercrombie & Fitch White Laced Top 1,Abercrombie & Fitch White Laced Top 1
C-T-KZ-23,/kazo-neon-green-top-with-peach-detailing-1.jpg,/kazo-neon-green-top-with-peach-detailing-1.jpg,Kazo Neon Green Top With Peach Detailing 1,/kazo-neon-green-top-with-peach-detailing-1.jpg,Kazo Neon Green Top With Peach Detailing 1,Kazo Neon Green Top With Peach Detailing 1
C-B-GP-27,/gap-blue-denim-skirt-1.jpg,/gap-blue-denim-skirt-1.jpg,Gap Blue Denim Skirt 1,/gap-blue-denim-skirt-1.jpg,Gap Blue Denim Skirt 1,Gap Blue Denim Skirt 1
C-B-ZA-103,/zara-blue-five-pocket-denim-jeans-1.jpg,/zara-blue-five-pocket-denim-jeans-1.jpg,Zara Blue Five Pocket Denim Jeans 1,/zara-blue-five-pocket-denim-jeans-1.jpg,Zara Blue Five Pocket Denim Jeans 1,Zara Blue Five Pocket Denim Jeans 1
C-D-MNG-69,/mango-blue-v-neck-dress-1.jpg,/mango-blue-v-neck-dress-1.jpg,Mango Blue V-Neck Dress 1,/mango-blue-v-neck-dress-1.jpg,Mango Blue V-Neck Dress 1,Mango Blue V-Neck Dress 1
C-B-BSOU-01,/bisou-bisou-red-&-blue-floral-skirt-1.jpg,/bisou-bisou-red-&-blue-floral-skirt-1.jpg,BISOU BISOU Red & Blue Floral Skirt 1,/bisou-bisou-red-&-blue-floral-skirt-1.jpg,BISOU BISOU Red & Blue Floral Skirt 1,BISOU BISOU Red & Blue Floral Skirt 1
C-T-ZA-224,/zara-black-ruffle-top-1.jpg,/zara-black-ruffle-top-1.jpg,Zara Black Ruffle Top 1,/zara-black-ruffle-top-1.jpg,Zara Black Ruffle Top 1,Zara Black Ruffle Top 1
C-T-ESP-46,/esprit-grey-&-pink-printed-&-embroidered-top-1.jpg,/esprit-grey-&-pink-printed-&-embroidered-top-1.jpg,Esprit Grey & Pink Printed & Embroidered Top 1,/esprit-grey-&-pink-printed-&-embroidered-top-1.jpg,Esprit Grey & Pink Printed & Embroidered Top 1,Esprit Grey & Pink Printed & Embroidered Top 1
C-T-LAQU-04,/latin-quarters-black-top-with-silver-studs-1.jpg,/latin-quarters-black-top-with-silver-studs-1.jpg,Latin Quarters Black Top With Silver Studs 1,/latin-quarters-black-top-with-silver-studs-1.jpg,Latin Quarters Black Top With Silver Studs 1,Latin Quarters Black Top With Silver Studs 1
C-T-ZA-225,/zara-blue-knit-shrug-1.jpg,/zara-blue-knit-shrug-1.jpg,Zara Blue Knit Shrug 1,/zara-blue-knit-shrug-1.jpg,Zara Blue Knit Shrug 1,Zara Blue Knit Shrug 1
C-T-TH-52,/tommy-hilfiger-purple-v-neck-knit-top-1.jpg,/tommy-hilfiger-purple-v-neck-knit-top-1.jpg,Tommy Hilfiger Purple V-Neck Knit Top 1,/tommy-hilfiger-purple-v-neck-knit-top-1.jpg,Tommy Hilfiger Purple V-Neck Knit Top 1,Tommy Hilfiger Purple V-Neck Knit Top 1
C-D-GP-08,/gap-blue-paisley-print-spaghetti-strap-maxi-dress-1.jpg,/gap-blue-paisley-print-spaghetti-strap-maxi-dress-1.jpg,Gap Blue Paisley Print Spaghetti Strap Maxi Dress 1,/gap-blue-paisley-print-spaghetti-strap-maxi-dress-1.jpg,Gap Blue Paisley Print Spaghetti Strap Maxi Dress 1,Gap Blue Paisley Print Spaghetti Strap Maxi Dress 1
C-T-LRL-08,/lauren-by-ralph-lauren-purple-beaded-top-1.jpg,/lauren-by-ralph-lauren-purple-beaded-top-1.jpg,Lauren by Ralph Lauren Purple Beaded Top 1,/lauren-by-ralph-lauren-purple-beaded-top-1.jpg,Lauren by Ralph Lauren Purple Beaded Top 1,Lauren by Ralph Lauren Purple Beaded Top 1
C-T-TL-03,/the-limited-blue-top-with-gathers-detailing-1.jpg,/the-limited-blue-top-with-gathers-detailing-1.jpg,The limited Blue Top With Gathers Detailing 1,/the-limited-blue-top-with-gathers-detailing-1.jpg,The limited Blue Top With Gathers Detailing 1,The limited Blue Top With Gathers Detailing 1
C-B-DKNY-01,/dkny-grey-knitted-capri-1.jpg,/dkny-grey-knitted-capri-1.jpg,DKNY Grey Knitted Capri 1,/dkny-grey-knitted-capri-1.jpg,DKNY Grey Knitted Capri 1,DKNY Grey Knitted Capri 1
C-B-DKNY-02,/dkny-black-diagonal-pockets-shorts-1.jpg,/dkny-black-diagonal-pockets-shorts-1.jpg,DKNY Black Diagonal Pockets Shorts 1,/dkny-black-diagonal-pockets-shorts-1.jpg,DKNY Black Diagonal Pockets Shorts 1,DKNY Black Diagonal Pockets Shorts 1
C-T-PA-03,/park-avenue-magenta-buttoned-shirt-1.jpg,/park-avenue-magenta-buttoned-shirt-1.jpg,Park Avenue Magenta Buttoned Shirt 1,/park-avenue-magenta-buttoned-shirt-1.jpg,Park Avenue Magenta Buttoned Shirt 1,Park Avenue Magenta Buttoned Shirt 1
C-T-PA-04,/park-avenue-purple-buttoned-shirt-1.jpg,/park-avenue-purple-buttoned-shirt-1.jpg,Park Avenue Purple Buttoned Shirt 1,/park-avenue-purple-buttoned-shirt-1.jpg,Park Avenue Purple Buttoned Shirt 1,Park Avenue Purple Buttoned Shirt 1
C-T-TS-14,/talbots-purple-top-with-beaded-neckline-1.jpg,/talbots-purple-top-with-beaded-neckline-1.jpg,Talbots Purple Top With Beaded Neckline 1,/talbots-purple-top-with-beaded-neckline-1.jpg,Talbots Purple Top With Beaded Neckline 1,Talbots Purple Top With Beaded Neckline 1
C-T-CK-21,/calvin-klein-blue-round-neck-knit-top-1.jpg,/calvin-klein-blue-round-neck-knit-top-1.jpg,Calvin Klein Blue Round Neck Knit Top 1,/calvin-klein-blue-round-neck-knit-top-1.jpg,Calvin Klein Blue Round Neck Knit Top 1,Calvin Klein Blue Round Neck Knit Top 1
C-T-RL-51,/ralph-lauren-brown-knitted-jumper-1.jpg,/ralph-lauren-brown-knitted-jumper-1.jpg,Ralph Lauren Brown Knitted Jumper 1,/ralph-lauren-brown-knitted-jumper-1.jpg,Ralph Lauren Brown Knitted Jumper 1,Ralph Lauren Brown Knitted Jumper 1
C-T-ZA-226,/zara-blue-knitted-buttoned-top-1.jpg,/zara-blue-knitted-buttoned-top-1.jpg,Zara Blue Knitted Buttoned Top 1,/zara-blue-knitted-buttoned-top-1.jpg,Zara Blue Knitted Buttoned Top 1,Zara Blue Knitted Buttoned Top 1
C-T-MD-15,/massimo-dutti-blue-jumper-with-hoodie-1.jpg,/massimo-dutti-blue-jumper-with-hoodie-1.jpg,Massimo Dutti Blue Jumper With Hoodie 1,/massimo-dutti-blue-jumper-with-hoodie-1.jpg,Massimo Dutti Blue Jumper With Hoodie 1,Massimo Dutti Blue Jumper With Hoodie 1
S-H-GS-01,/guess-black-animal-print-sandals-1.jpg,/guess-black-animal-print-sandals-1.jpg,Guess Black Animal Print Sandals 1,/guess-black-animal-print-sandals-1.jpg,Guess Black Animal Print Sandals 1,Guess Black Animal Print Sandals 1
C-T-TH-53,/tommy-hilfiger-black-knitted-round-neck-top-1.jpg,/tommy-hilfiger-black-knitted-round-neck-top-1.jpg,Tommy Hilfiger Black Knitted Round Neck Top 1,/tommy-hilfiger-black-knitted-round-neck-top-1.jpg,Tommy Hilfiger Black Knitted Round Neck Top 1,Tommy Hilfiger Black Knitted Round Neck Top 1
C-T-VH-24,/van-heusen-beige-&-brown-striped-ruffle-shirt-1.jpg,/van-heusen-beige-&-brown-striped-ruffle-shirt-1.jpg,Van Heusen Beige & Brown Striped Ruffle Shirt 1,/van-heusen-beige-&-brown-striped-ruffle-shirt-1.jpg,Van Heusen Beige & Brown Striped Ruffle Shirt 1,Van Heusen Beige & Brown Striped Ruffle Shirt 1
C-T-IN-01,"/inc-international-concept-purple,-green-&-black-printed-top-1.jpg","/inc-international-concept-purple,-green-&-black-printed-top-1.jpg","INC International Concept Purple, Green & Black Printed Top 1","/inc-international-concept-purple,-green-&-black-printed-top-1.jpg","INC International Concept Purple, Green & Black Printed Top 1","INC International Concept Purple, Green & Black Printed Top 1"
C-T-MNS-103,/marks-and-spencer-red-knitted-shrug-1.jpg,/marks-and-spencer-red-knitted-shrug-1.jpg,Marks and Spencer Red Knitted Shrug 1,/marks-and-spencer-red-knitted-shrug-1.jpg,Marks and Spencer Red Knitted Shrug 1,Marks and Spencer Red Knitted Shrug 1
,,,,,,
,,,,,,
,,,,,,
C-D-FF-12,/109f-blue-&-white-embroidered-dress-3.JPG,/109f-blue-&-white-embroidered-dress-3.JPG,109F Blue & White Embroidered Dress 3,/109f-blue-&-white-embroidered-dress-3.JPG,109F Blue & White Embroidered Dress 3,109F Blue & White Embroidered Dress 3
B-H-C-32,/coach-red-leather-bag-3.JPG,/coach-red-leather-bag-3.JPG,Coach Red Leather Bag 3,/coach-red-leather-bag-3.JPG,Coach Red Leather Bag 3,Coach Red Leather Bag 3
B-H-C-33,/coach-purple-&-white-handbag-3.JPG,/coach-purple-&-white-handbag-3.JPG,Coach Purple & White Handbag 3,/coach-purple-&-white-handbag-3.JPG,Coach Purple & White Handbag 3,Coach Purple & White Handbag 3
C-T-ZA-218,/zara-grey-&-pink-heart-print-crop-top-3.JPG,/zara-grey-&-pink-heart-print-crop-top-3.JPG,Zara Grey & Pink Heart Print Crop Top 3,/zara-grey-&-pink-heart-print-crop-top-3.JPG,Zara Grey & Pink Heart Print Crop Top 3,Zara Grey & Pink Heart Print Crop Top 3
C-T-ZA-219,/zara-white-&-pink-floral-crop-top-3.JPG,/zara-white-&-pink-floral-crop-top-3.JPG,Zara White & Pink Floral Crop Top 3,/zara-white-&-pink-floral-crop-top-3.JPG,Zara White & Pink Floral Crop Top 3,Zara White & Pink Floral Crop Top 3
C-T-ZA-220,/zara-charcoal-grey-bow-print-crop-top-3.JPG,/zara-charcoal-grey-bow-print-crop-top-3.JPG,Zara Charcoal Grey Bow Print Crop Top 3,/zara-charcoal-grey-bow-print-crop-top-3.JPG,Zara Charcoal Grey Bow Print Crop Top 3,Zara Charcoal Grey Bow Print Crop Top 3
C-T-VM-100,/vero-moda-black-&-white-stripedtop-with-orange-detailing-3.JPG,/vero-moda-black-&-white-stripedtop-with-orange-detailing-3.JPG,Vero Moda Black & White StripedTop With Orange Detailing 3,/vero-moda-black-&-white-stripedtop-with-orange-detailing-3.JPG,Vero Moda Black & White StripedTop With Orange Detailing 3,Vero Moda Black & White StripedTop With Orange Detailing 3
C-T-BE-45,/bebe-red-top-with-silver-studs-3.JPG,/bebe-red-top-with-silver-studs-3.JPG,Bebe Red Top With Silver Studs 3,/bebe-red-top-with-silver-studs-3.JPG,Bebe Red Top With Silver Studs 3,Bebe Red Top With Silver Studs 3
C-T-CK-20,/calvin-klein-black-spaghetti-strap-top-3.JPG,/calvin-klein-black-spaghetti-strap-top-3.JPG,Calvin Klein Black Spaghetti Strap Top 3,/calvin-klein-black-spaghetti-strap-top-3.JPG,Calvin Klein Black Spaghetti Strap Top 3,Calvin Klein Black Spaghetti Strap Top 3
B-H-JSN-01,/jessica-simpson-orange-cut-work-bag-3.JPG,/jessica-simpson-orange-cut-work-bag-3.JPG,Jessica Simpson Orange Cut Work Bag 3,/jessica-simpson-orange-cut-work-bag-3.JPG,Jessica Simpson Orange Cut Work Bag 3,Jessica Simpson Orange Cut Work Bag 3
C-T-VM-101,/vero-moda-black-&-silver-knitted-shrug-3.JPG,/vero-moda-black-&-silver-knitted-shrug-3.JPG,Vero Moda Black & Silver Knitted Shrug 3,/vero-moda-black-&-silver-knitted-shrug-3.JPG,Vero Moda Black & Silver Knitted Shrug 3,Vero Moda Black & Silver Knitted Shrug 3
B-H-KVZ-01,/kathy-van-zeeland-black-bag-with-studs-detailing-3.JPG,/kathy-van-zeeland-black-bag-with-studs-detailing-3.JPG,KATHY Van Zeeland Black Bag With Studs Detailing 3,/kathy-van-zeeland-black-bag-with-studs-detailing-3.JPG,KATHY Van Zeeland Black Bag With Studs Detailing 3,KATHY Van Zeeland Black Bag With Studs Detailing 3
C-D-KVS-04,/koovs-orange-strappy-dress-3.JPG,/koovs-orange-strappy-dress-3.JPG,Koovs Orange Strappy Dress 3,/koovs-orange-strappy-dress-3.JPG,Koovs Orange Strappy Dress 3,Koovs Orange Strappy Dress 3
C-D-VM-47,/vero-moda-black-&-golden-peplum-dress-3.JPG,/vero-moda-black-&-golden-peplum-dress-3.JPG,Vero Moda Black & Golden Peplum Dress 3,/vero-moda-black-&-golden-peplum-dress-3.JPG,Vero Moda Black & Golden Peplum Dress 3,Vero Moda Black & Golden Peplum Dress 3
C-B-MNG-49,/mango-blue-denim-trousers-3.JPG,/mango-blue-denim-trousers-3.JPG,Mango Blue Denim Trousers 3,/mango-blue-denim-trousers-3.JPG,Mango Blue Denim Trousers 3,Mango Blue Denim Trousers 3
C-D-ZA-78,/zara-blue-dress-with-beads-on-shoulders-3.JPG,/zara-blue-dress-with-beads-on-shoulders-3.JPG,Zara Blue Dress With Beads On Shoulders 3,/zara-blue-dress-with-beads-on-shoulders-3.JPG,Zara Blue Dress With Beads On Shoulders 3,Zara Blue Dress With Beads On Shoulders 3
C-T-A&F-13,/abercrombie-&-fitch-white-laced-top-3.JPG,/abercrombie-&-fitch-white-laced-top-3.JPG,Abercrombie & Fitch White Laced Top 3,/abercrombie-&-fitch-white-laced-top-3.JPG,Abercrombie & Fitch White Laced Top 3,Abercrombie & Fitch White Laced Top 3
C-T-KZ-23,/kazo-neon-green-top-with-peach-detailing-3.JPG,/kazo-neon-green-top-with-peach-detailing-3.JPG,Kazo Neon Green Top With Peach Detailing 3,/kazo-neon-green-top-with-peach-detailing-3.JPG,Kazo Neon Green Top With Peach Detailing 3,Kazo Neon Green Top With Peach Detailing 3
C-B-GP-27,/gap-blue-denim-skirt-3.JPG,/gap-blue-denim-skirt-3.JPG,Gap Blue Denim Skirt 3,/gap-blue-denim-skirt-3.JPG,Gap Blue Denim Skirt 3,Gap Blue Denim Skirt 3
C-B-ZA-103,/zara-blue-five-pocket-denim-jeans-3.JPG,/zara-blue-five-pocket-denim-jeans-3.JPG,Zara Blue Five Pocket Denim Jeans 3,/zara-blue-five-pocket-denim-jeans-3.JPG,Zara Blue Five Pocket Denim Jeans 3,Zara Blue Five Pocket Denim Jeans 3
C-D-MNG-69,/mango-blue-v-neck-dress-3.JPG,/mango-blue-v-neck-dress-3.JPG,Mango Blue V-Neck Dress 3,/mango-blue-v-neck-dress-3.JPG,Mango Blue V-Neck Dress 3,Mango Blue V-Neck Dress 3
C-B-BSOU-01,/bisou-bisou-red-&-blue-floral-skirt-3.JPG,/bisou-bisou-red-&-blue-floral-skirt-3.JPG,BISOU BISOU Red & Blue Floral Skirt 3,/bisou-bisou-red-&-blue-floral-skirt-3.JPG,BISOU BISOU Red & Blue Floral Skirt 3,BISOU BISOU Red & Blue Floral Skirt 3
C-T-ZA-224,/zara-black-ruffle-top-3.JPG,/zara-black-ruffle-top-3.JPG,Zara Black Ruffle Top 3,/zara-black-ruffle-top-3.JPG,Zara Black Ruffle Top 3,Zara Black Ruffle Top 3
C-T-ESP-46,/esprit-grey-&-pink-printed-&-embroidered-top-3.JPG,/esprit-grey-&-pink-printed-&-embroidered-top-3.JPG,Esprit Grey & Pink Printed & Embroidered Top 3,/esprit-grey-&-pink-printed-&-embroidered-top-3.JPG,Esprit Grey & Pink Printed & Embroidered Top 3,Esprit Grey & Pink Printed & Embroidered Top 3
C-T-LAQU-04,/latin-quarters-black-top-with-silver-studs-3.JPG,/latin-quarters-black-top-with-silver-studs-3.JPG,Latin Quarters Black Top With Silver Studs 3,/latin-quarters-black-top-with-silver-studs-3.JPG,Latin Quarters Black Top With Silver Studs 3,Latin Quarters Black Top With Silver Studs 3
C-T-ZA-225,/zara-blue-knit-shrug-3.JPG,/zara-blue-knit-shrug-3.JPG,Zara Blue Knit Shrug 3,/zara-blue-knit-shrug-3.JPG,Zara Blue Knit Shrug 3,Zara Blue Knit Shrug 3
C-T-TH-52,/tommy-hilfiger-purple-v-neck-knit-top-3.JPG,/tommy-hilfiger-purple-v-neck-knit-top-3.JPG,Tommy Hilfiger Purple V-Neck Knit Top 3,/tommy-hilfiger-purple-v-neck-knit-top-3.JPG,Tommy Hilfiger Purple V-Neck Knit Top 3,Tommy Hilfiger Purple V-Neck Knit Top 3
C-D-GP-08,/gap-blue-paisley-print-spaghetti-strap-maxi-dress-3.JPG,/gap-blue-paisley-print-spaghetti-strap-maxi-dress-3.JPG,Gap Blue Paisley Print Spaghetti Strap Maxi Dress 3,/gap-blue-paisley-print-spaghetti-strap-maxi-dress-3.JPG,Gap Blue Paisley Print Spaghetti Strap Maxi Dress 3,Gap Blue Paisley Print Spaghetti Strap Maxi Dress 3
C-T-LRL-08,/lauren-by-ralph-lauren-purple-beaded-top-3.JPG,/lauren-by-ralph-lauren-purple-beaded-top-3.JPG,Lauren by Ralph Lauren Purple Beaded Top 3,/lauren-by-ralph-lauren-purple-beaded-top-3.JPG,Lauren by Ralph Lauren Purple Beaded Top 3,Lauren by Ralph Lauren Purple Beaded Top 3
C-T-TL-03,/the-limited-blue-top-with-gathers-detailing-3.JPG,/the-limited-blue-top-with-gathers-detailing-3.JPG,The limited Blue Top With Gathers Detailing 3,/the-limited-blue-top-with-gathers-detailing-3.JPG,The limited Blue Top With Gathers Detailing 3,The limited Blue Top With Gathers Detailing 3
C-B-DKNY-01,/dkny-grey-knitted-capri-3.JPG,/dkny-grey-knitted-capri-3.JPG,DKNY Grey Knitted Capri 3,/dkny-grey-knitted-capri-3.JPG,DKNY Grey Knitted Capri 3,DKNY Grey Knitted Capri 3
C-B-DKNY-02,/dkny-black-diagonal-pockets-shorts-3.JPG,/dkny-black-diagonal-pockets-shorts-3.JPG,DKNY Black Diagonal Pockets Shorts 3,/dkny-black-diagonal-pockets-shorts-3.JPG,DKNY Black Diagonal Pockets Shorts 3,DKNY Black Diagonal Pockets Shorts 3
C-T-PA-03,/park-avenue-magenta-buttoned-shirt-3.JPG,/park-avenue-magenta-buttoned-shirt-3.JPG,Park Avenue Magenta Buttoned Shirt 3,/park-avenue-magenta-buttoned-shirt-3.JPG,Park Avenue Magenta Buttoned Shirt 3,Park Avenue Magenta Buttoned Shirt 3
C-T-PA-04,/park-avenue-purple-buttoned-shirt-3.JPG,/park-avenue-purple-buttoned-shirt-3.JPG,Park Avenue Purple Buttoned Shirt 3,/park-avenue-purple-buttoned-shirt-3.JPG,Park Avenue Purple Buttoned Shirt 3,Park Avenue Purple Buttoned Shirt 3
C-T-TS-14,/talbots-purple-top-with-beaded-neckline-3.JPG,/talbots-purple-top-with-beaded-neckline-3.JPG,Talbots Purple Top With Beaded Neckline 3,/talbots-purple-top-with-beaded-neckline-3.JPG,Talbots Purple Top With Beaded Neckline 3,Talbots Purple Top With Beaded Neckline 3
C-T-CK-21,/calvin-klein-blue-round-neck-knit-top-3.JPG,/calvin-klein-blue-round-neck-knit-top-3.JPG,Calvin Klein Blue Round Neck Knit Top 3,/calvin-klein-blue-round-neck-knit-top-3.JPG,Calvin Klein Blue Round Neck Knit Top 3,Calvin Klein Blue Round Neck Knit Top 3
C-T-RL-51,/ralph-lauren-brown-knitted-jumper-3.JPG,/ralph-lauren-brown-knitted-jumper-3.JPG,Ralph Lauren Brown Knitted Jumper 3,/ralph-lauren-brown-knitted-jumper-3.JPG,Ralph Lauren Brown Knitted Jumper 3,Ralph Lauren Brown Knitted Jumper 3
C-T-ZA-226,/zara-blue-knitted-buttoned-top-3.JPG,/zara-blue-knitted-buttoned-top-3.JPG,Zara Blue Knitted Buttoned Top 3,/zara-blue-knitted-buttoned-top-3.JPG,Zara Blue Knitted Buttoned Top 3,Zara Blue Knitted Buttoned Top 3
C-T-MD-15,/massimo-dutti-blue-jumper-with-hoodie-3.JPG,/massimo-dutti-blue-jumper-with-hoodie-3.JPG,Massimo Dutti Blue Jumper With Hoodie 3,/massimo-dutti-blue-jumper-with-hoodie-3.JPG,Massimo Dutti Blue Jumper With Hoodie 3,Massimo Dutti Blue Jumper With Hoodie 3
S-H-GS-01,/guess-black-animal-print-sandals-3.JPG,/guess-black-animal-print-sandals-3.JPG,Guess Black Animal Print Sandals 3,/guess-black-animal-print-sandals-3.JPG,Guess Black Animal Print Sandals 3,Guess Black Animal Print Sandals 3
C-T-TH-53,/tommy-hilfiger-black-knitted-round-neck-top-3.JPG,/tommy-hilfiger-black-knitted-round-neck-top-3.JPG,Tommy Hilfiger Black Knitted Round Neck Top 3,/tommy-hilfiger-black-knitted-round-neck-top-3.JPG,Tommy Hilfiger Black Knitted Round Neck Top 3,Tommy Hilfiger Black Knitted Round Neck Top 3
C-T-VH-24,/van-heusen-beige-&-brown-striped-ruffle-shirt-3.JPG,/van-heusen-beige-&-brown-striped-ruffle-shirt-3.JPG,Van Heusen Beige & Brown Striped Ruffle Shirt 3,/van-heusen-beige-&-brown-striped-ruffle-shirt-3.JPG,Van Heusen Beige & Brown Striped Ruffle Shirt 3,Van Heusen Beige & Brown Striped Ruffle Shirt 3
C-T-IN-01,"/inc-international-concept-purple,-green-&-black-printed-top-3.JPG","/inc-international-concept-purple,-green-&-black-printed-top-3.JPG","INC International Concept Purple, Green & Black Printed Top 3","/inc-international-concept-purple,-green-&-black-printed-top-3.JPG","INC International Concept Purple, Green & Black Printed Top 3","INC International Concept Purple, Green & Black Printed Top 3"
C-T-MNS-103,/marks-and-spencer-red-knitted-shrug-3.JPG,/marks-and-spencer-red-knitted-shrug-3.JPG,Marks and Spencer Red Knitted Shrug 3,/marks-and-spencer-red-knitted-shrug-3.JPG,Marks and Spencer Red Knitted Shrug 3,Marks and Spencer Red Knitted Shrug 3
,,,,,,
,,,,,,
,,,,,,
,,,,,,
C-D-FF-12,/109f-blue-&-white-embroidered-dress-2.JPG,/109f-blue-&-white-embroidered-dress-2.JPG,109F Blue & White Embroidered Dress 2,/109f-blue-&-white-embroidered-dress-2.JPG,109F Blue & White Embroidered Dress 2,109F Blue & White Embroidered Dress 2
B-H-C-32,/coach-red-leather-bag-2.JPG,/coach-red-leather-bag-2.JPG,Coach Red Leather Bag 2,/coach-red-leather-bag-2.JPG,Coach Red Leather Bag 2,Coach Red Leather Bag 2
B-H-C-33,/coach-purple-&-white-handbag-2.JPG,/coach-purple-&-white-handbag-2.JPG,Coach Purple & White Handbag 2,/coach-purple-&-white-handbag-2.JPG,Coach Purple & White Handbag 2,Coach Purple & White Handbag 2
C-T-ZA-218,/zara-grey-&-pink-heart-print-crop-top-2.JPG,/zara-grey-&-pink-heart-print-crop-top-2.JPG,Zara Grey & Pink Heart Print Crop Top 2,/zara-grey-&-pink-heart-print-crop-top-2.JPG,Zara Grey & Pink Heart Print Crop Top 2,Zara Grey & Pink Heart Print Crop Top 2
C-T-ZA-219,/zara-white-&-pink-floral-crop-top-2.JPG,/zara-white-&-pink-floral-crop-top-2.JPG,Zara White & Pink Floral Crop Top 2,/zara-white-&-pink-floral-crop-top-2.JPG,Zara White & Pink Floral Crop Top 2,Zara White & Pink Floral Crop Top 2
C-T-ZA-220,/zara-charcoal-grey-bow-print-crop-top-2.JPG,/zara-charcoal-grey-bow-print-crop-top-2.JPG,Zara Charcoal Grey Bow Print Crop Top 2,/zara-charcoal-grey-bow-print-crop-top-2.JPG,Zara Charcoal Grey Bow Print Crop Top 2,Zara Charcoal Grey Bow Print Crop Top 2
C-T-VM-100,/vero-moda-black-&-white-stripedtop-with-orange-detailing-2.JPG,/vero-moda-black-&-white-stripedtop-with-orange-detailing-2.JPG,Vero Moda Black & White StripedTop With Orange Detailing 2,/vero-moda-black-&-white-stripedtop-with-orange-detailing-2.JPG,Vero Moda Black & White StripedTop With Orange Detailing 2,Vero Moda Black & White StripedTop With Orange Detailing 2
C-T-BE-45,/bebe-red-top-with-silver-studs-2.JPG,/bebe-red-top-with-silver-studs-2.JPG,Bebe Red Top With Silver Studs 2,/bebe-red-top-with-silver-studs-2.JPG,Bebe Red Top With Silver Studs 2,Bebe Red Top With Silver Studs 2
C-T-CK-20,/calvin-klein-black-spaghetti-strap-top-2.JPG,/calvin-klein-black-spaghetti-strap-top-2.JPG,Calvin Klein Black Spaghetti Strap Top 2,/calvin-klein-black-spaghetti-strap-top-2.JPG,Calvin Klein Black Spaghetti Strap Top 2,Calvin Klein Black Spaghetti Strap Top 2
B-H-JSN-01,/jessica-simpson-orange-cut-work-bag-2.JPG,/jessica-simpson-orange-cut-work-bag-2.JPG,Jessica Simpson Orange Cut Work Bag 2,/jessica-simpson-orange-cut-work-bag-2.JPG,Jessica Simpson Orange Cut Work Bag 2,Jessica Simpson Orange Cut Work Bag 2
C-T-VM-101,/vero-moda-black-&-silver-knitted-shrug-2.JPG,/vero-moda-black-&-silver-knitted-shrug-2.JPG,Vero Moda Black & Silver Knitted Shrug 2,/vero-moda-black-&-silver-knitted-shrug-2.JPG,Vero Moda Black & Silver Knitted Shrug 2,Vero Moda Black & Silver Knitted Shrug 2
B-H-KVZ-01,/kathy-van-zeeland-black-bag-with-studs-detailing-2.JPG,/kathy-van-zeeland-black-bag-with-studs-detailing-2.JPG,KATHY Van Zeeland Black Bag With Studs Detailing 2,/kathy-van-zeeland-black-bag-with-studs-detailing-2.JPG,KATHY Van Zeeland Black Bag With Studs Detailing 2,KATHY Van Zeeland Black Bag With Studs Detailing 2
C-D-KVS-04,/koovs-orange-strappy-dress-2.JPG,/koovs-orange-strappy-dress-2.JPG,Koovs Orange Strappy Dress 2,/koovs-orange-strappy-dress-2.JPG,Koovs Orange Strappy Dress 2,Koovs Orange Strappy Dress 2
C-D-VM-47,/vero-moda-black-&-golden-peplum-dress-2.JPG,/vero-moda-black-&-golden-peplum-dress-2.JPG,Vero Moda Black & Golden Peplum Dress 2,/vero-moda-black-&-golden-peplum-dress-2.JPG,Vero Moda Black & Golden Peplum Dress 2,Vero Moda Black & Golden Peplum Dress 2
C-B-MNG-49,/mango-blue-denim-trousers-2.JPG,/mango-blue-denim-trousers-2.JPG,Mango Blue Denim Trousers 2,/mango-blue-denim-trousers-2.JPG,Mango Blue Denim Trousers 2,Mango Blue Denim Trousers 2
C-D-ZA-78,/zara-blue-dress-with-beads-on-shoulders-2.JPG,/zara-blue-dress-with-beads-on-shoulders-2.JPG,Zara Blue Dress With Beads On Shoulders 2,/zara-blue-dress-with-beads-on-shoulders-2.JPG,Zara Blue Dress With Beads On Shoulders 2,Zara Blue Dress With Beads On Shoulders 2
C-T-A&F-13,/abercrombie-&-fitch-white-laced-top-2.JPG,/abercrombie-&-fitch-white-laced-top-2.JPG,Abercrombie & Fitch White Laced Top 2,/abercrombie-&-fitch-white-laced-top-2.JPG,Abercrombie & Fitch White Laced Top 2,Abercrombie & Fitch White Laced Top 2
C-T-KZ-23,/kazo-neon-green-top-with-peach-detailing-2.JPG,/kazo-neon-green-top-with-peach-detailing-2.JPG,Kazo Neon Green Top With Peach Detailing 2,/kazo-neon-green-top-with-peach-detailing-2.JPG,Kazo Neon Green Top With Peach Detailing 2,Kazo Neon Green Top With Peach Detailing 2
C-B-GP-27,/gap-blue-denim-skirt-2.JPG,/gap-blue-denim-skirt-2.JPG,Gap Blue Denim Skirt 2,/gap-blue-denim-skirt-2.JPG,Gap Blue Denim Skirt 2,Gap Blue Denim Skirt 2
C-B-ZA-103,/zara-blue-five-pocket-denim-jeans-2.JPG,/zara-blue-five-pocket-denim-jeans-2.JPG,Zara Blue Five Pocket Denim Jeans 2,/zara-blue-five-pocket-denim-jeans-2.JPG,Zara Blue Five Pocket Denim Jeans 2,Zara Blue Five Pocket Denim Jeans 2
C-D-MNG-69,/mango-blue-v-neck-dress-2.JPG,/mango-blue-v-neck-dress-2.JPG,Mango Blue V-Neck Dress 2,/mango-blue-v-neck-dress-2.JPG,Mango Blue V-Neck Dress 2,Mango Blue V-Neck Dress 2
C-B-BSOU-01,/bisou-bisou-red-&-blue-floral-skirt-2.JPG,/bisou-bisou-red-&-blue-floral-skirt-2.JPG,BISOU BISOU Red & Blue Floral Skirt 2,/bisou-bisou-red-&-blue-floral-skirt-2.JPG,BISOU BISOU Red & Blue Floral Skirt 2,BISOU BISOU Red & Blue Floral Skirt 2
C-T-ZA-224,/zara-black-ruffle-top-2.JPG,/zara-black-ruffle-top-2.JPG,Zara Black Ruffle Top 2,/zara-black-ruffle-top-2.JPG,Zara Black Ruffle Top 2,Zara Black Ruffle Top 2
C-T-ESP-46,/esprit-grey-&-pink-printed-&-embroidered-top-2.JPG,/esprit-grey-&-pink-printed-&-embroidered-top-2.JPG,Esprit Grey & Pink Printed & Embroidered Top 2,/esprit-grey-&-pink-printed-&-embroidered-top-2.JPG,Esprit Grey & Pink Printed & Embroidered Top 2,Esprit Grey & Pink Printed & Embroidered Top 2
C-T-LAQU-04,/latin-quarters-black-top-with-silver-studs-2.JPG,/latin-quarters-black-top-with-silver-studs-2.JPG,Latin Quarters Black Top With Silver Studs 2,/latin-quarters-black-top-with-silver-studs-2.JPG,Latin Quarters Black Top With Silver Studs 2,Latin Quarters Black Top With Silver Studs 2
C-T-ZA-225,/zara-blue-knit-shrug-2.JPG,/zara-blue-knit-shrug-2.JPG,Zara Blue Knit Shrug 2,/zara-blue-knit-shrug-2.JPG,Zara Blue Knit Shrug 2,Zara Blue Knit Shrug 2
C-T-TH-52,/tommy-hilfiger-purple-v-neck-knit-top-2.JPG,/tommy-hilfiger-purple-v-neck-knit-top-2.JPG,Tommy Hilfiger Purple V-Neck Knit Top 2,/tommy-hilfiger-purple-v-neck-knit-top-2.JPG,Tommy Hilfiger Purple V-Neck Knit Top 2,Tommy Hilfiger Purple V-Neck Knit Top 2
C-D-GP-08,/gap-blue-paisley-print-spaghetti-strap-maxi-dress-2.JPG,/gap-blue-paisley-print-spaghetti-strap-maxi-dress-2.JPG,Gap Blue Paisley Print Spaghetti Strap Maxi Dress 2,/gap-blue-paisley-print-spaghetti-strap-maxi-dress-2.JPG,Gap Blue Paisley Print Spaghetti Strap Maxi Dress 2,Gap Blue Paisley Print Spaghetti Strap Maxi Dress 2
C-T-LRL-08,/lauren-by-ralph-lauren-purple-beaded-top-2.JPG,/lauren-by-ralph-lauren-purple-beaded-top-2.JPG,Lauren by Ralph Lauren Purple Beaded Top 2,/lauren-by-ralph-lauren-purple-beaded-top-2.JPG,Lauren by Ralph Lauren Purple Beaded Top 2,Lauren by Ralph Lauren Purple Beaded Top 2
C-T-TL-03,/the-limited-blue-top-with-gathers-detailing-2.JPG,/the-limited-blue-top-with-gathers-detailing-2.JPG,The limited Blue Top With Gathers Detailing 2,/the-limited-blue-top-with-gathers-detailing-2.JPG,The limited Blue Top With Gathers Detailing 2,The limited Blue Top With Gathers Detailing 2
C-B-DKNY-01,/dkny-grey-knitted-capri-2.JPG,/dkny-grey-knitted-capri-2.JPG,DKNY Grey Knitted Capri 2,/dkny-grey-knitted-capri-2.JPG,DKNY Grey Knitted Capri 2,DKNY Grey Knitted Capri 2
C-B-DKNY-02,/dkny-black-diagonal-pockets-shorts-2.JPG,/dkny-black-diagonal-pockets-shorts-2.JPG,DKNY Black Diagonal Pockets Shorts 2,/dkny-black-diagonal-pockets-shorts-2.JPG,DKNY Black Diagonal Pockets Shorts 2,DKNY Black Diagonal Pockets Shorts 2
C-T-PA-03,/park-avenue-magenta-buttoned-shirt-2.JPG,/park-avenue-magenta-buttoned-shirt-2.JPG,Park Avenue Magenta Buttoned Shirt 2,/park-avenue-magenta-buttoned-shirt-2.JPG,Park Avenue Magenta Buttoned Shirt 2,Park Avenue Magenta Buttoned Shirt 2
C-T-PA-04,/park-avenue-purple-buttoned-shirt-2.JPG,/park-avenue-purple-buttoned-shirt-2.JPG,Park Avenue Purple Buttoned Shirt 2,/park-avenue-purple-buttoned-shirt-2.JPG,Park Avenue Purple Buttoned Shirt 2,Park Avenue Purple Buttoned Shirt 2
C-T-TS-14,/talbots-purple-top-with-beaded-neckline-2.JPG,/talbots-purple-top-with-beaded-neckline-2.JPG,Talbots Purple Top With Beaded Neckline 2,/talbots-purple-top-with-beaded-neckline-2.JPG,Talbots Purple Top With Beaded Neckline 2,Talbots Purple Top With Beaded Neckline 2
C-T-CK-21,/calvin-klein-blue-round-neck-knit-top-2.JPG,/calvin-klein-blue-round-neck-knit-top-2.JPG,Calvin Klein Blue Round Neck Knit Top 2,/calvin-klein-blue-round-neck-knit-top-2.JPG,Calvin Klein Blue Round Neck Knit Top 2,Calvin Klein Blue Round Neck Knit Top 2
C-T-RL-51,/ralph-lauren-brown-knitted-jumper-2.JPG,/ralph-lauren-brown-knitted-jumper-2.JPG,Ralph Lauren Brown Knitted Jumper 2,/ralph-lauren-brown-knitted-jumper-2.JPG,Ralph Lauren Brown Knitted Jumper 2,Ralph Lauren Brown Knitted Jumper 2
C-T-ZA-226,/zara-blue-knitted-buttoned-top-2.JPG,/zara-blue-knitted-buttoned-top-2.JPG,Zara Blue Knitted Buttoned Top 2,/zara-blue-knitted-buttoned-top-2.JPG,Zara Blue Knitted Buttoned Top 2,Zara Blue Knitted Buttoned Top 2
C-T-MD-15,/massimo-dutti-blue-jumper-with-hoodie-2.JPG,/massimo-dutti-blue-jumper-with-hoodie-2.JPG,Massimo Dutti Blue Jumper With Hoodie 2,/massimo-dutti-blue-jumper-with-hoodie-2.JPG,Massimo Dutti Blue Jumper With Hoodie 2,Massimo Dutti Blue Jumper With Hoodie 2
S-H-GS-01,/guess-black-animal-print-sandals-2.JPG,/guess-black-animal-print-sandals-2.JPG,Guess Black Animal Print Sandals 2,/guess-black-animal-print-sandals-2.JPG,Guess Black Animal Print Sandals 2,Guess Black Animal Print Sandals 2
C-T-TH-53,/tommy-hilfiger-black-knitted-round-neck-top-2.JPG,/tommy-hilfiger-black-knitted-round-neck-top-2.JPG,Tommy Hilfiger Black Knitted Round Neck Top 2,/tommy-hilfiger-black-knitted-round-neck-top-2.JPG,Tommy Hilfiger Black Knitted Round Neck Top 2,Tommy Hilfiger Black Knitted Round Neck Top 2
C-T-VH-24,/van-heusen-beige-&-brown-striped-ruffle-shirt-2.JPG,/van-heusen-beige-&-brown-striped-ruffle-shirt-2.JPG,Van Heusen Beige & Brown Striped Ruffle Shirt 2,/van-heusen-beige-&-brown-striped-ruffle-shirt-2.JPG,Van Heusen Beige & Brown Striped Ruffle Shirt 2,Van Heusen Beige & Brown Striped Ruffle Shirt 2
C-T-IN-01,"/inc-international-concept-purple,-green-&-black-printed-top-2.JPG","/inc-international-concept-purple,-green-&-black-printed-top-2.JPG","INC International Concept Purple, Green & Black Printed Top 2","/inc-international-concept-purple,-green-&-black-printed-top-2.JPG","INC International Concept Purple, Green & Black Printed Top 2","INC International Concept Purple, Green & Black Printed Top 2"
C-T-MNS-103,/marks-and-spencer-red-knitted-shrug-2.JPG,/marks-and-spencer-red-knitted-shrug-2.JPG,Marks and Spencer Red Knitted Shrug 2,/marks-and-spencer-red-knitted-shrug-2.JPG,Marks and Spencer Red Knitted Shrug 2,Marks and Spencer Red Knitted Shrug 2
,,,,,,
,,,,,,
,,,,,,
,,,,,,
,,,,,,
C-D-FF-12,/109f-blue-&-white-embroidered-dress-1.JPG,/109f-blue-&-white-embroidered-dress-1.JPG,109F Blue & White Embroidered Dress 1,/109f-blue-&-white-embroidered-dress-1.JPG,109F Blue & White Embroidered Dress 1,109F Blue & White Embroidered Dress 1
B-H-C-32,/coach-red-leather-bag-1.JPG,/coach-red-leather-bag-1.JPG,Coach Red Leather Bag 1,/coach-red-leather-bag-1.JPG,Coach Red Leather Bag 1,Coach Red Leather Bag 1
B-H-C-33,/coach-purple-&-white-handbag-1.JPG,/coach-purple-&-white-handbag-1.JPG,Coach Purple & White Handbag 1,/coach-purple-&-white-handbag-1.JPG,Coach Purple & White Handbag 1,Coach Purple & White Handbag 1
C-T-ZA-218,/zara-grey-&-pink-heart-print-crop-top-1.JPG,/zara-grey-&-pink-heart-print-crop-top-1.JPG,Zara Grey & Pink Heart Print Crop Top 1,/zara-grey-&-pink-heart-print-crop-top-1.JPG,Zara Grey & Pink Heart Print Crop Top 1,Zara Grey & Pink Heart Print Crop Top 1
C-T-ZA-219,/zara-white-&-pink-floral-crop-top-1.JPG,/zara-white-&-pink-floral-crop-top-1.JPG,Zara White & Pink Floral Crop Top 1,/zara-white-&-pink-floral-crop-top-1.JPG,Zara White & Pink Floral Crop Top 1,Zara White & Pink Floral Crop Top 1
C-T-ZA-220,/zara-charcoal-grey-bow-print-crop-top-1.JPG,/zara-charcoal-grey-bow-print-crop-top-1.JPG,Zara Charcoal Grey Bow Print Crop Top 1,/zara-charcoal-grey-bow-print-crop-top-1.JPG,Zara Charcoal Grey Bow Print Crop Top 1,Zara Charcoal Grey Bow Print Crop Top 1
C-T-VM-100,/vero-moda-black-&-white-stripedtop-with-orange-detailing-1.JPG,/vero-moda-black-&-white-stripedtop-with-orange-detailing-1.JPG,Vero Moda Black & White StripedTop With Orange Detailing 1,/vero-moda-black-&-white-stripedtop-with-orange-detailing-1.JPG,Vero Moda Black & White StripedTop With Orange Detailing 1,Vero Moda Black & White StripedTop With Orange Detailing 1
C-T-BE-45,/bebe-red-top-with-silver-studs-1.JPG,/bebe-red-top-with-silver-studs-1.JPG,Bebe Red Top With Silver Studs 1,/bebe-red-top-with-silver-studs-1.JPG,Bebe Red Top With Silver Studs 1,Bebe Red Top With Silver Studs 1
C-T-CK-20,/calvin-klein-black-spaghetti-strap-top-1.JPG,/calvin-klein-black-spaghetti-strap-top-1.JPG,Calvin Klein Black Spaghetti Strap Top 1,/calvin-klein-black-spaghetti-strap-top-1.JPG,Calvin Klein Black Spaghetti Strap Top 1,Calvin Klein Black Spaghetti Strap Top 1
B-H-JSN-01,/jessica-simpson-orange-cut-work-bag-1.JPG,/jessica-simpson-orange-cut-work-bag-1.JPG,Jessica Simpson Orange Cut Work Bag 1,/jessica-simpson-orange-cut-work-bag-1.JPG,Jessica Simpson Orange Cut Work Bag 1,Jessica Simpson Orange Cut Work Bag 1
C-T-VM-101,/vero-moda-black-&-silver-knitted-shrug-1.JPG,/vero-moda-black-&-silver-knitted-shrug-1.JPG,Vero Moda Black & Silver Knitted Shrug 1,/vero-moda-black-&-silver-knitted-shrug-1.JPG,Vero Moda Black & Silver Knitted Shrug 1,Vero Moda Black & Silver Knitted Shrug 1
B-H-KVZ-01,/kathy-van-zeeland-black-bag-with-studs-detailing-1.JPG,/kathy-van-zeeland-black-bag-with-studs-detailing-1.JPG,KATHY Van Zeeland Black Bag With Studs Detailing 1,/kathy-van-zeeland-black-bag-with-studs-detailing-1.JPG,KATHY Van Zeeland Black Bag With Studs Detailing 1,KATHY Van Zeeland Black Bag With Studs Detailing 1
C-D-KVS-04,/koovs-orange-strappy-dress-1.JPG,/koovs-orange-strappy-dress-1.JPG,Koovs Orange Strappy Dress 1,/koovs-orange-strappy-dress-1.JPG,Koovs Orange Strappy Dress 1,Koovs Orange Strappy Dress 1
C-D-VM-47,/vero-moda-black-&-golden-peplum-dress-1.JPG,/vero-moda-black-&-golden-peplum-dress-1.JPG,Vero Moda Black & Golden Peplum Dress 1,/vero-moda-black-&-golden-peplum-dress-1.JPG,Vero Moda Black & Golden Peplum Dress 1,Vero Moda Black & Golden Peplum Dress 1
C-B-MNG-49,/mango-blue-denim-trousers-1.JPG,/mango-blue-denim-trousers-1.JPG,Mango Blue Denim Trousers 1,/mango-blue-denim-trousers-1.JPG,Mango Blue Denim Trousers 1,Mango Blue Denim Trousers 1
C-D-ZA-78,/zara-blue-dress-with-beads-on-shoulders-1.JPG,/zara-blue-dress-with-beads-on-shoulders-1.JPG,Zara Blue Dress With Beads On Shoulders 1,/zara-blue-dress-with-beads-on-shoulders-1.JPG,Zara Blue Dress With Beads On Shoulders 1,Zara Blue Dress With Beads On Shoulders 1
C-T-A&F-13,/abercrombie-&-fitch-white-laced-top-1.JPG,/abercrombie-&-fitch-white-laced-top-1.JPG,Abercrombie & Fitch White Laced Top 1,/abercrombie-&-fitch-white-laced-top-1.JPG,Abercrombie & Fitch White Laced Top 1,Abercrombie & Fitch White Laced Top 1
C-T-KZ-23,/kazo-neon-green-top-with-peach-detailing-1.JPG,/kazo-neon-green-top-with-peach-detailing-1.JPG,Kazo Neon Green Top With Peach Detailing 1,/kazo-neon-green-top-with-peach-detailing-1.JPG,Kazo Neon Green Top With Peach Detailing 1,Kazo Neon Green Top With Peach Detailing 1
C-B-GP-27,/gap-blue-denim-skirt-1.JPG,/gap-blue-denim-skirt-1.JPG,Gap Blue Denim Skirt 1,/gap-blue-denim-skirt-1.JPG,Gap Blue Denim Skirt 1,Gap Blue Denim Skirt 1
C-B-ZA-103,/zara-blue-five-pocket-denim-jeans-1.JPG,/zara-blue-five-pocket-denim-jeans-1.JPG,Zara Blue Five Pocket Denim Jeans 1,/zara-blue-five-pocket-denim-jeans-1.JPG,Zara Blue Five Pocket Denim Jeans 1,Zara Blue Five Pocket Denim Jeans 1
C-D-MNG-69,/mango-blue-v-neck-dress-1.JPG,/mango-blue-v-neck-dress-1.JPG,Mango Blue V-Neck Dress 1,/mango-blue-v-neck-dress-1.JPG,Mango Blue V-Neck Dress 1,Mango Blue V-Neck Dress 1
C-B-BSOU-01,/bisou-bisou-red-&-blue-floral-skirt-1.JPG,/bisou-bisou-red-&-blue-floral-skirt-1.JPG,BISOU BISOU Red & Blue Floral Skirt 1,/bisou-bisou-red-&-blue-floral-skirt-1.JPG,BISOU BISOU Red & Blue Floral Skirt 1,BISOU BISOU Red & Blue Floral Skirt 1
C-T-ZA-224,/zara-black-ruffle-top-1.JPG,/zara-black-ruffle-top-1.JPG,Zara Black Ruffle Top 1,/zara-black-ruffle-top-1.JPG,Zara Black Ruffle Top 1,Zara Black Ruffle Top 1
C-T-ESP-46,/esprit-grey-&-pink-printed-&-embroidered-top-1.JPG,/esprit-grey-&-pink-printed-&-embroidered-top-1.JPG,Esprit Grey & Pink Printed & Embroidered Top 1,/esprit-grey-&-pink-printed-&-embroidered-top-1.JPG,Esprit Grey & Pink Printed & Embroidered Top 1,Esprit Grey & Pink Printed & Embroidered Top 1
C-T-LAQU-04,/latin-quarters-black-top-with-silver-studs-1.JPG,/latin-quarters-black-top-with-silver-studs-1.JPG,Latin Quarters Black Top With Silver Studs 1,/latin-quarters-black-top-with-silver-studs-1.JPG,Latin Quarters Black Top With Silver Studs 1,Latin Quarters Black Top With Silver Studs 1
C-T-ZA-225,/zara-blue-knit-shrug-1.JPG,/zara-blue-knit-shrug-1.JPG,Zara Blue Knit Shrug 1,/zara-blue-knit-shrug-1.JPG,Zara Blue Knit Shrug 1,Zara Blue Knit Shrug 1
C-T-TH-52,/tommy-hilfiger-purple-v-neck-knit-top-1.JPG,/tommy-hilfiger-purple-v-neck-knit-top-1.JPG,Tommy Hilfiger Purple V-Neck Knit Top 1,/tommy-hilfiger-purple-v-neck-knit-top-1.JPG,Tommy Hilfiger Purple V-Neck Knit Top 1,Tommy Hilfiger Purple V-Neck Knit Top 1
C-D-GP-08,/gap-blue-paisley-print-spaghetti-strap-maxi-dress-1.JPG,/gap-blue-paisley-print-spaghetti-strap-maxi-dress-1.JPG,Gap Blue Paisley Print Spaghetti Strap Maxi Dress 1,/gap-blue-paisley-print-spaghetti-strap-maxi-dress-1.JPG,Gap Blue Paisley Print Spaghetti Strap Maxi Dress 1,Gap Blue Paisley Print Spaghetti Strap Maxi Dress 1
C-T-LRL-08,/lauren-by-ralph-lauren-purple-beaded-top-1.JPG,/lauren-by-ralph-lauren-purple-beaded-top-1.JPG,Lauren by Ralph Lauren Purple Beaded Top 1,/lauren-by-ralph-lauren-purple-beaded-top-1.JPG,Lauren by Ralph Lauren Purple Beaded Top 1,Lauren by Ralph Lauren Purple Beaded Top 1
C-T-TL-03,/the-limited-blue-top-with-gathers-detailing-1.JPG,/the-limited-blue-top-with-gathers-detailing-1.JPG,The limited Blue Top With Gathers Detailing 1,/the-limited-blue-top-with-gathers-detailing-1.JPG,The limited Blue Top With Gathers Detailing 1,The limited Blue Top With Gathers Detailing 1
C-B-DKNY-01,/dkny-grey-knitted-capri-1.JPG,/dkny-grey-knitted-capri-1.JPG,DKNY Grey Knitted Capri 1,/dkny-grey-knitted-capri-1.JPG,DKNY Grey Knitted Capri 1,DKNY Grey Knitted Capri 1
C-B-DKNY-02,/dkny-black-diagonal-pockets-shorts-1.JPG,/dkny-black-diagonal-pockets-shorts-1.JPG,DKNY Black Diagonal Pockets Shorts 1,/dkny-black-diagonal-pockets-shorts-1.JPG,DKNY Black Diagonal Pockets Shorts 1,DKNY Black Diagonal Pockets Shorts 1
C-T-PA-03,/park-avenue-magenta-buttoned-shirt-1.JPG,/park-avenue-magenta-buttoned-shirt-1.JPG,Park Avenue Magenta Buttoned Shirt 1,/park-avenue-magenta-buttoned-shirt-1.JPG,Park Avenue Magenta Buttoned Shirt 1,Park Avenue Magenta Buttoned Shirt 1
C-T-PA-04,/park-avenue-purple-buttoned-shirt-1.JPG,/park-avenue-purple-buttoned-shirt-1.JPG,Park Avenue Purple Buttoned Shirt 1,/park-avenue-purple-buttoned-shirt-1.JPG,Park Avenue Purple Buttoned Shirt 1,Park Avenue Purple Buttoned Shirt 1
C-T-TS-14,/talbots-purple-top-with-beaded-neckline-1.JPG,/talbots-purple-top-with-beaded-neckline-1.JPG,Talbots Purple Top With Beaded Neckline 1,/talbots-purple-top-with-beaded-neckline-1.JPG,Talbots Purple Top With Beaded Neckline 1,Talbots Purple Top With Beaded Neckline 1
C-T-CK-21,/calvin-klein-blue-round-neck-knit-top-1.JPG,/calvin-klein-blue-round-neck-knit-top-1.JPG,Calvin Klein Blue Round Neck Knit Top 1,/calvin-klein-blue-round-neck-knit-top-1.JPG,Calvin Klein Blue Round Neck Knit Top 1,Calvin Klein Blue Round Neck Knit Top 1
C-T-RL-51,/ralph-lauren-brown-knitted-jumper-1.JPG,/ralph-lauren-brown-knitted-jumper-1.JPG,Ralph Lauren Brown Knitted Jumper 1,/ralph-lauren-brown-knitted-jumper-1.JPG,Ralph Lauren Brown Knitted Jumper 1,Ralph Lauren Brown Knitted Jumper 1
C-T-ZA-226,/zara-blue-knitted-buttoned-top-1.JPG,/zara-blue-knitted-buttoned-top-1.JPG,Zara Blue Knitted Buttoned Top 1,/zara-blue-knitted-buttoned-top-1.JPG,Zara Blue Knitted Buttoned Top 1,Zara Blue Knitted Buttoned Top 1
C-T-MD-15,/massimo-dutti-blue-jumper-with-hoodie-1.JPG,/massimo-dutti-blue-jumper-with-hoodie-1.JPG,Massimo Dutti Blue Jumper With Hoodie 1,/massimo-dutti-blue-jumper-with-hoodie-1.JPG,Massimo Dutti Blue Jumper With Hoodie 1,Massimo Dutti Blue Jumper With Hoodie 1
S-H-GS-01,/guess-black-animal-print-sandals-1.JPG,/guess-black-animal-print-sandals-1.JPG,Guess Black Animal Print Sandals 1,/guess-black-animal-print-sandals-1.JPG,Guess Black Animal Print Sandals 1,Guess Black Animal Print Sandals 1
C-T-TH-53,/tommy-hilfiger-black-knitted-round-neck-top-1.JPG,/tommy-hilfiger-black-knitted-round-neck-top-1.JPG,Tommy Hilfiger Black Knitted Round Neck Top 1,/tommy-hilfiger-black-knitted-round-neck-top-1.JPG,Tommy Hilfiger Black Knitted Round Neck Top 1,Tommy Hilfiger Black Knitted Round Neck Top 1
C-T-VH-24,/van-heusen-beige-&-brown-striped-ruffle-shirt-1.JPG,/van-heusen-beige-&-brown-striped-ruffle-shirt-1.JPG,Van Heusen Beige & Brown Striped Ruffle Shirt 1,/van-heusen-beige-&-brown-striped-ruffle-shirt-1.JPG,Van Heusen Beige & Brown Striped Ruffle Shirt 1,Van Heusen Beige & Brown Striped Ruffle Shirt 1
C-T-IN-01,"/inc-international-concept-purple,-green-&-black-printed-top-1.JPG","/inc-international-concept-purple,-green-&-black-printed-top-1.JPG","INC International Concept Purple, Green & Black Printed Top 1","/inc-international-concept-purple,-green-&-black-printed-top-1.JPG","INC International Concept Purple, Green & Black Printed Top 1","INC International Concept Purple, Green & Black Printed Top 1"
C-T-MNS-103,/marks-and-spencer-red-knitted-shrug-1.JPG,/marks-and-spencer-red-knitted-shrug-1.JPG,Marks and Spencer Red Knitted Shrug 1,/marks-and-spencer-red-knitted-shrug-1.JPG,Marks and Spencer Red Knitted Shrug 1,Marks and Spencer Red Knitted Shrug 1
,,,,,,
,,,,,,
,,,,,,
,,,,,,
,,,,,,