B-H-JCC-09,/juicy-couture-pink-bag-with-stud-on-front-3.JPG,/juicy-couture-pink-bag-with-stud-on-front-3.JPG,Juicy Couture Pink Bag With Stud On Front 3,/juicy-couture-pink-bag-with-stud-on-front-3.JPG,Juicy Couture Pink Bag With Stud On Front 3,Juicy Couture Pink Bag With Stud On Front 3
B-H-S-03,/sisley-yellow-small-bag-3.JPG,/sisley-yellow-small-bag-3.JPG,Sisley Yellow Small Bag 3,/sisley-yellow-small-bag-3.JPG,Sisley Yellow Small Bag 3,Sisley Yellow Small Bag 3
C-T-ZA-110,/zara-black-top-with-star-print-3.JPG,/zara-black-top-with-star-print-3.JPG,Zara Black Top With Star Print 3,/zara-black-top-with-star-print-3.JPG,Zara Black Top With Star Print 3,Zara Black Top With Star Print 3
C-T-NE-12,/next-black-&-white-polka-dot-top-3.JPG,/next-black-&-white-polka-dot-top-3.JPG,Next Black & White Polka Dot Top 3,/next-black-&-white-polka-dot-top-3.JPG,Next Black & White Polka Dot Top 3,Next Black & White Polka Dot Top 3
C-T-BSK-09,/bershka-blue-denim-waistcoat-with-studs-3.JPG,/bershka-blue-denim-waistcoat-with-studs-3.JPG,Bershka Blue Denim Waistcoat With Studs 3,/bershka-blue-denim-waistcoat-with-studs-3.JPG,Bershka Blue Denim Waistcoat With Studs 3,Bershka Blue Denim Waistcoat With Studs 3
C-D-ZA-47,/zara-blue-dress-with-golden-embellishment-3.JPG,/zara-blue-dress-with-golden-embellishment-3.JPG,Zara Blue Dress With Golden Embellishment 3,/zara-blue-dress-with-golden-embellishment-3.JPG,Zara Blue Dress With Golden Embellishment 3,Zara Blue Dress With Golden Embellishment 3
C-D-MNS-11,/marks-and-spencer-pink-halter-dress-3.JPG,/marks-and-spencer-pink-halter-dress-3.JPG,Marks and Spencer Pink Halter Dress 3,/marks-and-spencer-pink-halter-dress-3.JPG,Marks and Spencer Pink Halter Dress 3,Marks and Spencer Pink Halter Dress 3
C-T-ORO-01,/orous-yellow-top-with-golden-embellishment-3.JPG,/orous-yellow-top-with-golden-embellishment-3.JPG,Orous Yellow Top With Golden Embellishment 3,/orous-yellow-top-with-golden-embellishment-3.JPG,Orous Yellow Top With Golden Embellishment 3,Orous Yellow Top With Golden Embellishment 3
S-F-F-01,/fendi-brown-flats-3.JPG,/fendi-brown-flats-3.JPG,Fendi Brown Flats 3,/fendi-brown-flats-3.JPG,Fendi Brown Flats 3,Fendi Brown Flats 3
C-T-LT-05,/loft-white-sleeveless-top-with-ruffles-3.JPG,/loft-white-sleeveless-top-with-ruffles-3.JPG,Loft White Sleeveless Top With Ruffles 3,/loft-white-sleeveless-top-with-ruffles-3.JPG,Loft White Sleeveless Top With Ruffles 3,Loft White Sleeveless Top With Ruffles 3
C-T-NLK-01,/new-look-blue-top-with-pleated-detailing-3.JPG,/new-look-blue-top-with-pleated-detailing-3.JPG,New Look Blue Top With Pleated Detailing 3,/new-look-blue-top-with-pleated-detailing-3.JPG,New Look Blue Top With Pleated Detailing 3,New Look Blue Top With Pleated Detailing 3
C-T-MNS-67,/marks-and-spencer-black-top-with-gathered-neckline-3.JPG,/marks-and-spencer-black-top-with-gathered-neckline-3.JPG,Marks and Spencer Black Top With Gathered Neckline 3,/marks-and-spencer-black-top-with-gathered-neckline-3.JPG,Marks and Spencer Black Top With Gathered Neckline 3,Marks and Spencer Black Top With Gathered Neckline 3
C-T-UCB-48,/united-colors-of-benetton-black-shrug-3.JPG,/united-colors-of-benetton-black-shrug-3.JPG,United Colors of Benetton Black Shrug 3,/united-colors-of-benetton-black-shrug-3.JPG,United Colors of Benetton Black Shrug 3,United Colors of Benetton Black Shrug 3
C-T-WLS-14,/wills-white-&-blue-striped-formal-shirt-3.JPG,/wills-white-&-blue-striped-formal-shirt-3.JPG,Wills White & Blue Striped Formal Shirt 3,/wills-white-&-blue-striped-formal-shirt-3.JPG,Wills White & Blue Striped Formal Shirt 3,Wills White & Blue Striped Formal Shirt 3
C-B-ASOS-01,/asos-maroon-&-pink-printed-pants-3.JPG,/asos-maroon-&-pink-printed-pants-3.JPG,Asos Maroon & Pink Printed Pants 3,/asos-maroon-&-pink-printed-pants-3.JPG,Asos Maroon & Pink Printed Pants 3,Asos Maroon & Pink Printed Pants 3
C-D-RE-01,/remanika-black-one-shoulder-dress-with-elasticated-waist-3.JPG,/remanika-black-one-shoulder-dress-with-elasticated-waist-3.JPG,Remanika Black One Shoulder Dress With Elasticated Waist 3,/remanika-black-one-shoulder-dress-with-elasticated-waist-3.JPG,Remanika Black One Shoulder Dress With Elasticated Waist 3,Remanika Black One Shoulder Dress With Elasticated Waist 3
C-B-RBK-05,/reebok-black-shorts-with-pink-detailing-3.JPG,/reebok-black-shorts-with-pink-detailing-3.JPG,Reebok Black Shorts With Pink Detailing 3,/reebok-black-shorts-with-pink-detailing-3.JPG,Reebok Black Shorts With Pink Detailing 3,Reebok Black Shorts With Pink Detailing 3
C-T-MNS-69,/marks-and-spencer-black-top-with-gathers-on-shoulders-3.JPG,/marks-and-spencer-black-top-with-gathers-on-shoulders-3.JPG,Marks and Spencer Black Top With Gathers On Shoulders 3,/marks-and-spencer-black-top-with-gathers-on-shoulders-3.JPG,Marks and Spencer Black Top With Gathers On Shoulders 3,Marks and Spencer Black Top With Gathers On Shoulders 3
C-T-ZA-111,/zara-beige-shrug-3.JPG,/zara-beige-shrug-3.JPG,Zara Beige Shrug 3,/zara-beige-shrug-3.JPG,Zara Beige Shrug 3,Zara Beige Shrug 3
C-B-MNS-40,/marks-and-spencer-black-formal-pants-3.JPG,/marks-and-spencer-black-formal-pants-3.JPG,Marks and Spencer Black Formal Pants 3,/marks-and-spencer-black-formal-pants-3.JPG,Marks and Spencer Black Formal Pants 3,Marks and Spencer Black Formal Pants 3
C-T-MNS-70,/marks-and-spencer-white-formal-fullsleeves-shirt-3.JPG,/marks-and-spencer-white-formal-fullsleeves-shirt-3.JPG,Marks and Spencer White Formal Fullsleeves Shirt 3,/marks-and-spencer-white-formal-fullsleeves-shirt-3.JPG,Marks and Spencer White Formal Fullsleeves Shirt 3,Marks and Spencer White Formal Fullsleeves Shirt 3
C-T-RE-02,/remanika-white-&-green-polka-dot-top-with-lace-detailing-on-3.JPG,/remanika-white-&-green-polka-dot-top-with-lace-detailing-on-3.JPG,Remanika White & Green Polka Dot Top With Lace Detailing on 3,/remanika-white-&-green-polka-dot-top-with-lace-detailing-on-3.JPG,Remanika White & Green Polka Dot Top With Lace Detailing on 3,Remanika White & Green Polka Dot Top With Lace Detailing on 3
C-T-RE-03,/remanika-green-&-red-floral-printed-top-3.JPG,/remanika-green-&-red-floral-printed-top-3.JPG,Remanika Green & Red Floral Printed Top 3,/remanika-green-&-red-floral-printed-top-3.JPG,Remanika Green & Red Floral Printed Top 3,Remanika Green & Red Floral Printed Top 3
C-T-AX-16,/armani-exchange-black-full-sleeves-top-with-sequence-3.JPG,/armani-exchange-black-full-sleeves-top-with-sequence-3.JPG,Armani Exchange Black Full Sleeves Top With Sequence 3,/armani-exchange-black-full-sleeves-top-with-sequence-3.JPG,Armani Exchange Black Full Sleeves Top With Sequence 3,Armani Exchange Black Full Sleeves Top With Sequence 3
C-T-H&M-49,/h&m-orange-full-sleeves-shrug-3.JPG,/h&m-orange-full-sleeves-shrug-3.JPG,H&M Orange Full Sleeves Shrug 3,/h&m-orange-full-sleeves-shrug-3.JPG,H&M Orange Full Sleeves Shrug 3,H&M Orange Full Sleeves Shrug 3
C-D-RL-04,/ralph-lauren-green-&-yellow-printed-maxi-dress-3.JPG,/ralph-lauren-green-&-yellow-printed-maxi-dress-3.JPG,Ralph Lauren Green & Yellow Printed Maxi Dress 3,/ralph-lauren-green-&-yellow-printed-maxi-dress-3.JPG,Ralph Lauren Green & Yellow Printed Maxi Dress 3,Ralph Lauren Green & Yellow Printed Maxi Dress 3
C-O-H&M-03,/h&m-blue-cardigan-with-white-detailing-on-neckline-&-s-3.JPG,/h&m-blue-cardigan-with-white-detailing-on-neckline-&-s-3.JPG,H&M Blue Cardigan With White Detailing On Neckline & S 3,/h&m-blue-cardigan-with-white-detailing-on-neckline-&-s-3.JPG,H&M Blue Cardigan With White Detailing On Neckline & S 3,H&M Blue Cardigan With White Detailing On Neckline & S 3
B-H-SM-01,/steve-madden-brown-handbag-3.JPG,/steve-madden-brown-handbag-3.JPG,Steve Madden Brown Handbag 3,/steve-madden-brown-handbag-3.JPG,Steve Madden Brown Handbag 3,Steve Madden Brown Handbag 3
C-D-PJ-01,/pepe-jeans-beige-collared-dress-3.JPG,/pepe-jeans-beige-collared-dress-3.JPG,Pepe Jeans Beige Collared Dress 3,/pepe-jeans-beige-collared-dress-3.JPG,Pepe Jeans Beige Collared Dress 3,Pepe Jeans Beige Collared Dress 3
C-T-VM-48,/vero-moda-green-top-with-crochet-on-sleeves-3.JPG,/vero-moda-green-top-with-crochet-on-sleeves-3.JPG,Vero Moda Green Top With Crochet On Sleeves 3,/vero-moda-green-top-with-crochet-on-sleeves-3.JPG,Vero Moda Green Top With Crochet On Sleeves 3,Vero Moda Green Top With Crochet On Sleeves 3
C-T-CYJ-10,/chemistry-jeans-blue-laced-top-3.JPG,/chemistry-jeans-blue-laced-top-3.JPG,Chemistry Jeans Blue Laced Top 3,/chemistry-jeans-blue-laced-top-3.JPG,Chemistry Jeans Blue Laced Top 3,Chemistry Jeans Blue Laced Top 3
C-T-ZA-113,/zara-blue-&-white-printed-top-3.JPG,/zara-blue-&-white-printed-top-3.JPG,Zara Blue & White Printed Top 3,/zara-blue-&-white-printed-top-3.JPG,Zara Blue & White Printed Top 3,Zara Blue & White Printed Top 3
C-T-BOSS-06,"/bossini-green,-blue-&-red-striped-top-3.JPG","/bossini-green,-blue-&-red-striped-top-3.JPG","Bossini Green, Blue & Red Striped Top 3","/bossini-green,-blue-&-red-striped-top-3.JPG","Bossini Green, Blue & Red Striped Top 3","Bossini Green, Blue & Red Striped Top 3"
C-B-CYJ-01,/chemistry-jeans-blue-corduroy-jeggings-3.JPG,/chemistry-jeans-blue-corduroy-jeggings-3.JPG,Chemistry Jeans Blue Corduroy Jeggings 3,/chemistry-jeans-blue-corduroy-jeggings-3.JPG,Chemistry Jeans Blue Corduroy Jeggings 3,Chemistry Jeans Blue Corduroy Jeggings 3
C-B-VM-08,/vero-moda-peach-pants-with-belt-3.JPG,/vero-moda-peach-pants-with-belt-3.JPG,Vero Moda Peach Pants With Belt 3,/vero-moda-peach-pants-with-belt-3.JPG,Vero Moda Peach Pants With Belt 3,Vero Moda Peach Pants With Belt 3
C-T-PD-29,/promod-maroon-kaftan-3.JPG,/promod-maroon-kaftan-3.JPG,Promod Maroon Kaftan 3,/promod-maroon-kaftan-3.JPG,Promod Maroon Kaftan 3,Promod Maroon Kaftan 3
C-T-VIL-01,/vila-clothes-yellow-sleeveless-top-with-edging-3.JPG,/vila-clothes-yellow-sleeveless-top-with-edging-3.JPG,VILA Clothes Yellow Sleeveless Top With Edging 3,/vila-clothes-yellow-sleeveless-top-with-edging-3.JPG,VILA Clothes Yellow Sleeveless Top With Edging 3,VILA Clothes Yellow Sleeveless Top With Edging 3
C-D-IN-01,/inc-international-concept-black-&-pink-printed-full-sleeves-dress-3.JPG,/inc-international-concept-black-&-pink-printed-full-sleeves-dress-3.JPG,INC International Concept Black & Pink Printed Full Sleeves Dress 3,/inc-international-concept-black-&-pink-printed-full-sleeves-dress-3.JPG,INC International Concept Black & Pink Printed Full Sleeves Dress 3,INC International Concept Black & Pink Printed Full Sleeves Dress 3
C-D-IN-03,/inc-international-concept-black-&-blue-printed-dress-3.JPG,/inc-international-concept-black-&-blue-printed-dress-3.JPG,INC International Concept Black & Blue Printed Dress 3,/inc-international-concept-black-&-blue-printed-dress-3.JPG,INC International Concept Black & Blue Printed Dress 3,INC International Concept Black & Blue Printed Dress 3
C-D-BAJ-01,/bixby-&-jade-orange-halter-maxi-dress-3.JPG,/bixby-&-jade-orange-halter-maxi-dress-3.JPG,Bixby & Jade Orange Halter Maxi Dress 3,/bixby-&-jade-orange-halter-maxi-dress-3.JPG,Bixby & Jade Orange Halter Maxi Dress 3,Bixby & Jade Orange Halter Maxi Dress 3
C-T-H&M-51,/h&m-green-v-neck-top-3.JPG,/h&m-green-v-neck-top-3.JPG,H&M Green V-Neck Top 3,/h&m-green-v-neck-top-3.JPG,H&M Green V-Neck Top 3,H&M Green V-Neck Top 3
C-B-MC-01,/marie-claire-pink-leggings-3.JPG,/marie-claire-pink-leggings-3.JPG,Marie Claire Pink Leggings 3,/marie-claire-pink-leggings-3.JPG,Marie Claire Pink Leggings 3,Marie Claire Pink Leggings 3
C-SU-ANO-01,/anouk-red-kurta-with-golden-work-3.JPG,/anouk-red-kurta-with-golden-work-3.JPG,Anouk Red Kurta With Golden Work 3,/anouk-red-kurta-with-golden-work-3.JPG,Anouk Red Kurta With Golden Work 3,Anouk Red Kurta With Golden Work 3
C-D-ZA-48,/zara-black-tube-dress-with-polka-dot-3.JPG,/zara-black-tube-dress-with-polka-dot-3.JPG,Zara Black Tube Dress With Polka Dot 3,/zara-black-tube-dress-with-polka-dot-3.JPG,Zara Black Tube Dress With Polka Dot 3,Zara Black Tube Dress With Polka Dot 3
C-D-BE-04,/bebe-peach-laced-sleeveless-dress-3.JPG,/bebe-peach-laced-sleeveless-dress-3.JPG,Bebe Peach Laced Sleeveless Dress 3,/bebe-peach-laced-sleeveless-dress-3.JPG,Bebe Peach Laced Sleeveless Dress 3,Bebe Peach Laced Sleeveless Dress 3
C-T-MS-06,/miss-selfridge-blue-checked-crop-shirt-3.JPG,/miss-selfridge-blue-checked-crop-shirt-3.JPG,Miss Selfridge Blue Checked Crop Shirt 3,/miss-selfridge-blue-checked-crop-shirt-3.JPG,Miss Selfridge Blue Checked Crop Shirt 3,Miss Selfridge Blue Checked Crop Shirt 3
C-T-APL-01,/american-apparel-pink-floral-crop-top-3.JPG,/american-apparel-pink-floral-crop-top-3.JPG,American Apparel Pink Floral Crop Top 3,/american-apparel-pink-floral-crop-top-3.JPG,American Apparel Pink Floral Crop Top 3,American Apparel Pink Floral Crop Top 3
C-T-BSK-10,/bershka-grey-&-black-paisley-printed-top-3.JPG,/bershka-grey-&-black-paisley-printed-top-3.JPG,Bershka Grey & Black Paisley Printed Top 3,/bershka-grey-&-black-paisley-printed-top-3.JPG,Bershka Grey & Black Paisley Printed Top 3,Bershka Grey & Black Paisley Printed Top 3
C-T-BE-06,/bebe-pink-one-shoulder-laced-top-3.JPG,/bebe-pink-one-shoulder-laced-top-3.JPG,Bebe Pink One Shoulder Laced Top 3,/bebe-pink-one-shoulder-laced-top-3.JPG,Bebe Pink One Shoulder Laced Top 3,Bebe Pink One Shoulder Laced Top 3
C-T-TS-04,/top-shop-yellow-sleeveless-top-with-bow-3.JPG,/top-shop-yellow-sleeveless-top-with-bow-3.JPG,Top Shop Yellow Sleeveless Top With Bow 3,/top-shop-yellow-sleeveless-top-with-bow-3.JPG,Top Shop Yellow Sleeveless Top With Bow 3,Top Shop Yellow Sleeveless Top With Bow 3
C-T-H&M-53,/h&m-pink-&-blue-checked-shirt-3.JPG,/h&m-pink-&-blue-checked-shirt-3.JPG,H&M Pink & Blue Checked Shirt 3,/h&m-pink-&-blue-checked-shirt-3.JPG,H&M Pink & Blue Checked Shirt 3,H&M Pink & Blue Checked Shirt 3
C-T-TS-05,/top-shop-yellow-&-brown-checked-shirt-3.JPG,/top-shop-yellow-&-brown-checked-shirt-3.JPG,Top Shop Yellow & Brown Checked Shirt 3,/top-shop-yellow-&-brown-checked-shirt-3.JPG,Top Shop Yellow & Brown Checked Shirt 3,Top Shop Yellow & Brown Checked Shirt 3
C-D-BE-05,/bebe-pink-&-orange-sleeveless-dress-3.JPG,/bebe-pink-&-orange-sleeveless-dress-3.JPG,Bebe Pink & Orange Sleeveless Dress 3,/bebe-pink-&-orange-sleeveless-dress-3.JPG,Bebe Pink & Orange Sleeveless Dress 3,Bebe Pink & Orange Sleeveless Dress 3
C-D-NLK-02,/new-look-pink-&-blue-floral-sleeveless-dress-with-ruffles-3.JPG,/new-look-pink-&-blue-floral-sleeveless-dress-with-ruffles-3.JPG,New Look Pink & Blue Floral Sleeveless Dress With Ruffles 3,/new-look-pink-&-blue-floral-sleeveless-dress-with-ruffles-3.JPG,New Look Pink & Blue Floral Sleeveless Dress With Ruffles 3,New Look Pink & Blue Floral Sleeveless Dress With Ruffles 3
C-D-H&M-11,/h&m-black-laced-dress-3.JPG,/h&m-black-laced-dress-3.JPG,H&M Black Laced Dress 3,/h&m-black-laced-dress-3.JPG,H&M Black Laced Dress 3,H&M Black Laced Dress 3
C-T-RI-07,/river-island-purple-&-pink-floral-top-3.JPG,/river-island-purple-&-pink-floral-top-3.JPG,River Island Purple & Pink Floral Top 3,/river-island-purple-&-pink-floral-top-3.JPG,River Island Purple & Pink Floral Top 3,River Island Purple & Pink Floral Top 3
C-D-MS-06,/miss-selfridge-black-spaghetti-strap-maxi-dress-with-bow-3.JPG,/miss-selfridge-black-spaghetti-strap-maxi-dress-with-bow-3.JPG,Miss Selfridge Black Spaghetti Strap Maxi Dress With Bow 3,/miss-selfridge-black-spaghetti-strap-maxi-dress-with-bow-3.JPG,Miss Selfridge Black Spaghetti Strap Maxi Dress With Bow 3,Miss Selfridge Black Spaghetti Strap Maxi Dress With Bow 3
C-T-ZA-114,/zara-green-basic-top-3.JPG,/zara-green-basic-top-3.JPG,Zara Green Basic Top 3,/zara-green-basic-top-3.JPG,Zara Green Basic Top 3,Zara Green Basic Top 3
C-O-TS-01,/top-shop-black-striped-blazer-3.JPG,/top-shop-black-striped-blazer-3.JPG,Top Shop Black Striped Blazer 3,/top-shop-black-striped-blazer-3.JPG,Top Shop Black Striped Blazer 3,Top Shop Black Striped Blazer 3
C-T-PJ-04,/pepe-jeans-black-sleeveless-printed-top-3.JPG,/pepe-jeans-black-sleeveless-printed-top-3.JPG,Pepe Jeans Black Sleeveless Printed Top 3,/pepe-jeans-black-sleeveless-printed-top-3.JPG,Pepe Jeans Black Sleeveless Printed Top 3,Pepe Jeans Black Sleeveless Printed Top 3
C-J-ZA-04,/zara-blue-halter-jumpsuit-3.JPG,/zara-blue-halter-jumpsuit-3.JPG,Zara Blue Halter Jumpsuit 3,/zara-blue-halter-jumpsuit-3.JPG,Zara Blue Halter Jumpsuit 3,Zara Blue Halter Jumpsuit 3
C-B-ZA-49,/zara-white-&-blue-printed-trouser-3.JPG,/zara-white-&-blue-printed-trouser-3.JPG,Zara White & Blue Printed Trouser 3,/zara-white-&-blue-printed-trouser-3.JPG,Zara White & Blue Printed Trouser 3,Zara White & Blue Printed Trouser 3
C-B-PD-10,/promod-red-&-white-polka-dot-skirt-3.JPG,/promod-red-&-white-polka-dot-skirt-3.JPG,Promod Red & White Polka Dot Skirt 3,/promod-red-&-white-polka-dot-skirt-3.JPG,Promod Red & White Polka Dot Skirt 3,Promod Red & White Polka Dot Skirt 3
S-H-AO-20,/aldo-black-gladiator-heels-3.JPG,/aldo-black-gladiator-heels-3.JPG,Aldo Black Gladiator Heels 3,/aldo-black-gladiator-heels-3.JPG,Aldo Black Gladiator Heels 3,Aldo Black Gladiator Heels 3
S-H-GUC-01,/gucinari-blue-heels-with-buckle-3.JPG,/gucinari-blue-heels-with-buckle-3.JPG,Gucinari Blue Heels With Buckle 3,/gucinari-blue-heels-with-buckle-3.JPG,Gucinari Blue Heels With Buckle 3,Gucinari Blue Heels With Buckle 3
C-T-VM-49,/vero-moda-multi-color-spaghetti-strap-top-3.JPG,/vero-moda-multi-color-spaghetti-strap-top-3.JPG,Vero Moda Multi Color Spaghetti Strap Top 3,/vero-moda-multi-color-spaghetti-strap-top-3.JPG,Vero Moda Multi Color Spaghetti Strap Top 3,Vero Moda Multi Color Spaghetti Strap Top 3
C-T-PD-30,/promod-green-v-neck-top-3.JPG,/promod-green-v-neck-top-3.JPG,Promod Green V-Neck Top 3,/promod-green-v-neck-top-3.JPG,Promod Green V-Neck Top 3,Promod Green V-Neck Top 3
C-T-ZA-116,/zara-brown-tank-top-3.JPG,/zara-brown-tank-top-3.JPG,Zara Brown Tank Top 3,/zara-brown-tank-top-3.JPG,Zara Brown Tank Top 3,Zara Brown Tank Top 3
C-B-MNG-22,/mango-black-denim-jeans-with-belt-3.JPG,/mango-black-denim-jeans-with-belt-3.JPG,Mango Black Denim Jeans With Belt 3,/mango-black-denim-jeans-with-belt-3.JPG,Mango Black Denim Jeans With Belt 3,Mango Black Denim Jeans With Belt 3
C-D-OY-11,/only-white-floral-dress-with-elasticated-waist-3.JPG,/only-white-floral-dress-with-elasticated-waist-3.JPG,ONLY White Floral Dress With Elasticated Waist 3,/only-white-floral-dress-with-elasticated-waist-3.JPG,ONLY White Floral Dress With Elasticated Waist 3,ONLY White Floral Dress With Elasticated Waist 3
C-O-SLH-01,/splash-orange-basic-shrug-3.JPG,/splash-orange-basic-shrug-3.JPG,Splash Orange Basic Shrug 3,/splash-orange-basic-shrug-3.JPG,Splash Orange Basic Shrug 3,Splash Orange Basic Shrug 3
C-T-MNG-65,/mango-black-&-silver-top-3.JPG,/mango-black-&-silver-top-3.JPG,Mango Black & Silver Top 3,/mango-black-&-silver-top-3.JPG,Mango Black & Silver Top 3,Mango Black & Silver Top 3
C-T-VM-50,/vero-moda-blue-top-with-golden-buttons-3.JPG,/vero-moda-blue-top-with-golden-buttons-3.JPG,Vero Moda Blue Top With Golden Buttons 3,/vero-moda-blue-top-with-golden-buttons-3.JPG,Vero Moda Blue Top With Golden Buttons 3,Vero Moda Blue Top With Golden Buttons 3
C-D-NLK-03,/new-look-black-&-white-floral-dress-3.JPG,/new-look-black-&-white-floral-dress-3.JPG,New Look Black & White Floral Dress 3,/new-look-black-&-white-floral-dress-3.JPG,New Look Black & White Floral Dress 3,New Look Black & White Floral Dress 3
C-O-VM-06,/vero-moda-white-laced-shrug-3.JPG,/vero-moda-white-laced-shrug-3.JPG,Vero Moda White Laced Shrug 3,/vero-moda-white-laced-shrug-3.JPG,Vero Moda White Laced Shrug 3,Vero Moda White Laced Shrug 3
C-D-VM-19,/vero-moda-green-floral-spaghetti-strap-dress-3.JPG,/vero-moda-green-floral-spaghetti-strap-dress-3.JPG,Vero Moda Green Floral Spaghetti Strap Dress 3,/vero-moda-green-floral-spaghetti-strap-dress-3.JPG,Vero Moda Green Floral Spaghetti Strap Dress 3,Vero Moda Green Floral Spaghetti Strap Dress 3
C-B-GAS-03,/gas-blue-denim-with-detailing-on-back-pockets-3.JPG,/gas-blue-denim-with-detailing-on-back-pockets-3.JPG,GAS Blue Denim With Detailing On Back Pockets 3,/gas-blue-denim-with-detailing-on-back-pockets-3.JPG,GAS Blue Denim With Detailing On Back Pockets 3,GAS Blue Denim With Detailing On Back Pockets 3
C-B-ESP-07,/esprit-black-slim-fit-jeans-3.JPG,/esprit-black-slim-fit-jeans-3.JPG,Esprit Black Slim Fit Jeans 3,/esprit-black-slim-fit-jeans-3.JPG,Esprit Black Slim Fit Jeans 3,Esprit Black Slim Fit Jeans 3
C-T-VM-51,/vero-moda-white-pleated-top-3.JPG,/vero-moda-white-pleated-top-3.JPG,Vero Moda White Pleated Top 3,/vero-moda-white-pleated-top-3.JPG,Vero Moda White Pleated Top 3,Vero Moda White Pleated Top 3
C-D-BE-06,/bebe-black-&-purple-halter-dress-3.JPG,/bebe-black-&-purple-halter-dress-3.JPG,Bebe Black & Purple Halter Dress 3,/bebe-black-&-purple-halter-dress-3.JPG,Bebe Black & Purple Halter Dress 3,Bebe Black & Purple Halter Dress 3
C-D-JN-05,/jane-norman-red-&-black-beaded-tube-dress-3.JPG,/jane-norman-red-&-black-beaded-tube-dress-3.JPG,Jane Norman Red & Black Beaded Tube Dress 3,/jane-norman-red-&-black-beaded-tube-dress-3.JPG,Jane Norman Red & Black Beaded Tube Dress 3,Jane Norman Red & Black Beaded Tube Dress 3
C-B-ZA-50,/zara-light-brown-skirt-with-belt-3.JPG,/zara-light-brown-skirt-with-belt-3.JPG,Zara Light Brown Skirt With Belt 3,/zara-light-brown-skirt-with-belt-3.JPG,Zara Light Brown Skirt With Belt 3,Zara Light Brown Skirt With Belt 3
C-B-ZA-51,/zara-black-corduroy-pants-3.JPG,/zara-black-corduroy-pants-3.JPG,Zara Black corduroy Pants 3,/zara-black-corduroy-pants-3.JPG,Zara Black corduroy Pants 3,Zara Black corduroy Pants 3
C-B-ZA-52,/zara-brown-formal-trouser-3.JPG,/zara-brown-formal-trouser-3.JPG,Zara Brown Formal Trouser 3,/zara-brown-formal-trouser-3.JPG,Zara Brown Formal Trouser 3,Zara Brown Formal Trouser 3
C-T-BE-29,/bebe-black-top-with-silver-detailing-3.JPG,/bebe-black-top-with-silver-detailing-3.JPG,Bebe Black Top With Silver Detailing 3,/bebe-black-top-with-silver-detailing-3.JPG,Bebe Black Top With Silver Detailing 3,Bebe Black Top With Silver Detailing 3
C-T-BE-30,/bebe-black-top-with-silver-studs-3.JPG,/bebe-black-top-with-silver-studs-3.JPG,Bebe Black Top With Silver Studs 3,/bebe-black-top-with-silver-studs-3.JPG,Bebe Black Top With Silver Studs 3,Bebe Black Top With Silver Studs 3
C-T-BE-31,/bebe-black-top-with-silver-swarovski-3.JPG,/bebe-black-top-with-silver-swarovski-3.JPG,Bebe Black Top With Silver Swarovski 3,/bebe-black-top-with-silver-swarovski-3.JPG,Bebe Black Top With Silver Swarovski 3,Bebe Black Top With Silver Swarovski 3
C-B-ZA-54,/zara-green-formal-pants-3.JPG,/zara-green-formal-pants-3.JPG,Zara Green Formal Pants 3,/zara-green-formal-pants-3.JPG,Zara Green Formal Pants 3,Zara Green Formal Pants 3
C-SA-PRKA-01,/preeti-s-kapoor-red-&-orange-lehenga-3.JPG,/preeti-s-kapoor-red-&-orange-lehenga-3.JPG,Preeti S Kapoor Red & Orange Lehenga 3,/preeti-s-kapoor-red-&-orange-lehenga-3.JPG,Preeti S Kapoor Red & Orange Lehenga 3,Preeti S Kapoor Red & Orange Lehenga 3
C-SA-PRKA-02,/preeti-s-kapoor-pink-lehenga-with-embroidery-&-gota-3.JPG,/preeti-s-kapoor-pink-lehenga-with-embroidery-&-gota-3.JPG,Preeti S Kapoor Pink Lehenga with Embroidery & Gota 3,/preeti-s-kapoor-pink-lehenga-with-embroidery-&-gota-3.JPG,Preeti S Kapoor Pink Lehenga with Embroidery & Gota 3,Preeti S Kapoor Pink Lehenga with Embroidery & Gota 3
C-SA-PRKA-03,"/preeti-s-kapoor-pink,-yellow-&-green-lehenga-3.JPG","/preeti-s-kapoor-pink,-yellow-&-green-lehenga-3.JPG","Preeti S Kapoor Pink, Yellow & Green Lehenga 3","/preeti-s-kapoor-pink,-yellow-&-green-lehenga-3.JPG","Preeti S Kapoor Pink, Yellow & Green Lehenga 3","Preeti S Kapoor Pink, Yellow & Green Lehenga 3"
C-T-VM-46,/vero-moda-black-sleeveless-top-with-lace-detailing-3.JPG,/vero-moda-black-sleeveless-top-with-lace-detailing-3.JPG,Vero Moda Black Sleeveless Top With Lace Detailing 3,/vero-moda-black-sleeveless-top-with-lace-detailing-3.JPG,Vero Moda Black Sleeveless Top With Lace Detailing 3,Vero Moda Black Sleeveless Top With Lace Detailing 3
C-T-VM-47,/vero-moda-pink-&-blue-abstract-print-sleeveless-top-3.JPG,/vero-moda-pink-&-blue-abstract-print-sleeveless-top-3.JPG,Vero Moda Pink & Blue Abstract Print Sleeveless Top 3,/vero-moda-pink-&-blue-abstract-print-sleeveless-top-3.JPG,Vero Moda Pink & Blue Abstract Print Sleeveless Top 3,Vero Moda Pink & Blue Abstract Print Sleeveless Top 3
C-T-RKS-01,/rinku-sobti-black-&-green-kaftan-3.JPG,/rinku-sobti-black-&-green-kaftan-3.JPG,Rinku Sobti Black & Green Kaftan 3,/rinku-sobti-black-&-green-kaftan-3.JPG,Rinku Sobti Black & Green Kaftan 3,Rinku Sobti Black & Green Kaftan 3
C-T-BR-06,/banana-republic-light-purple-top-with-net-on-sleeves-3.JPG,/banana-republic-light-purple-top-with-net-on-sleeves-3.JPG,Banana Republic Light Purple Top With Net On Sleeves 3,/banana-republic-light-purple-top-with-net-on-sleeves-3.JPG,Banana Republic Light Purple Top With Net On Sleeves 3,Banana Republic Light Purple Top With Net On Sleeves 3
C-T-MD-07,/massimo-dutti-pink-knit-top-3.JPG,/massimo-dutti-pink-knit-top-3.JPG,Massimo Dutti Pink Knit Top 3,/massimo-dutti-pink-knit-top-3.JPG,Massimo Dutti Pink Knit Top 3,Massimo Dutti Pink Knit Top 3
C-T-WLS-13,/wills-white-top-with-orange-lining-3.JPG,/wills-white-top-with-orange-lining-3.JPG,Wills White Top With Orange Lining 3,/wills-white-top-with-orange-lining-3.JPG,Wills White Top With Orange Lining 3,Wills White Top With Orange Lining 3
B-W-C-01,/coach-black-leather-wallet-3.JPG,/coach-black-leather-wallet-3.JPG,Coach Black Leather Wallet 3,/coach-black-leather-wallet-3.JPG,Coach Black Leather Wallet 3,Coach Black Leather Wallet 3
B-H-JCC-09,/juicy-couture-pink-bag-with-stud-on-front-2.JPG,/juicy-couture-pink-bag-with-stud-on-front-2.JPG,Juicy Couture Pink Bag With Stud On Front 2,/juicy-couture-pink-bag-with-stud-on-front-2.JPG,Juicy Couture Pink Bag With Stud On Front 2,Juicy Couture Pink Bag With Stud On Front 2
B-H-S-03,/sisley-yellow-small-bag-2.JPG,/sisley-yellow-small-bag-2.JPG,Sisley Yellow Small Bag 2,/sisley-yellow-small-bag-2.JPG,Sisley Yellow Small Bag 2,Sisley Yellow Small Bag 2
C-T-ZA-110,/zara-black-top-with-star-print-2.JPG,/zara-black-top-with-star-print-2.JPG,Zara Black Top With Star Print 2,/zara-black-top-with-star-print-2.JPG,Zara Black Top With Star Print 2,Zara Black Top With Star Print 2
C-T-NE-12,/next-black-&-white-polka-dot-top-2.JPG,/next-black-&-white-polka-dot-top-2.JPG,Next Black & White Polka Dot Top 2,/next-black-&-white-polka-dot-top-2.JPG,Next Black & White Polka Dot Top 2,Next Black & White Polka Dot Top 2
C-T-BSK-09,/bershka-blue-denim-waistcoat-with-studs-2.JPG,/bershka-blue-denim-waistcoat-with-studs-2.JPG,Bershka Blue Denim Waistcoat With Studs 2,/bershka-blue-denim-waistcoat-with-studs-2.JPG,Bershka Blue Denim Waistcoat With Studs 2,Bershka Blue Denim Waistcoat With Studs 2
C-D-ZA-47,/zara-blue-dress-with-golden-embellishment-2.JPG,/zara-blue-dress-with-golden-embellishment-2.JPG,Zara Blue Dress With Golden Embellishment 2,/zara-blue-dress-with-golden-embellishment-2.JPG,Zara Blue Dress With Golden Embellishment 2,Zara Blue Dress With Golden Embellishment 2
C-D-MNS-11,/marks-and-spencer-pink-halter-dress-2.JPG,/marks-and-spencer-pink-halter-dress-2.JPG,Marks and Spencer Pink Halter Dress 2,/marks-and-spencer-pink-halter-dress-2.JPG,Marks and Spencer Pink Halter Dress 2,Marks and Spencer Pink Halter Dress 2
C-T-ORO-01,/orous-yellow-top-with-golden-embellishment-2.JPG,/orous-yellow-top-with-golden-embellishment-2.JPG,Orous Yellow Top With Golden Embellishment 2,/orous-yellow-top-with-golden-embellishment-2.JPG,Orous Yellow Top With Golden Embellishment 2,Orous Yellow Top With Golden Embellishment 2
S-F-F-01,/fendi-brown-flats-2.JPG,/fendi-brown-flats-2.JPG,Fendi Brown Flats 2,/fendi-brown-flats-2.JPG,Fendi Brown Flats 2,Fendi Brown Flats 2
C-T-LT-05,/loft-white-sleeveless-top-with-ruffles-2.JPG,/loft-white-sleeveless-top-with-ruffles-2.JPG,Loft White Sleeveless Top With Ruffles 2,/loft-white-sleeveless-top-with-ruffles-2.JPG,Loft White Sleeveless Top With Ruffles 2,Loft White Sleeveless Top With Ruffles 2
C-T-NLK-01,/new-look-blue-top-with-pleated-detailing-2.JPG,/new-look-blue-top-with-pleated-detailing-2.JPG,New Look Blue Top With Pleated Detailing 2,/new-look-blue-top-with-pleated-detailing-2.JPG,New Look Blue Top With Pleated Detailing 2,New Look Blue Top With Pleated Detailing 2
C-T-MNS-67,/marks-and-spencer-black-top-with-gathered-neckline-2.JPG,/marks-and-spencer-black-top-with-gathered-neckline-2.JPG,Marks and Spencer Black Top With Gathered Neckline 2,/marks-and-spencer-black-top-with-gathered-neckline-2.JPG,Marks and Spencer Black Top With Gathered Neckline 2,Marks and Spencer Black Top With Gathered Neckline 2
C-T-UCB-48,/united-colors-of-benetton-black-shrug-2.JPG,/united-colors-of-benetton-black-shrug-2.JPG,United Colors of Benetton Black Shrug 2,/united-colors-of-benetton-black-shrug-2.JPG,United Colors of Benetton Black Shrug 2,United Colors of Benetton Black Shrug 2
C-T-WLS-14,/wills-white-&-blue-striped-formal-shirt-2.JPG,/wills-white-&-blue-striped-formal-shirt-2.JPG,Wills White & Blue Striped Formal Shirt 2,/wills-white-&-blue-striped-formal-shirt-2.JPG,Wills White & Blue Striped Formal Shirt 2,Wills White & Blue Striped Formal Shirt 2
C-B-ASOS-01,/asos-maroon-&-pink-printed-pants-2.JPG,/asos-maroon-&-pink-printed-pants-2.JPG,Asos Maroon & Pink Printed Pants 2,/asos-maroon-&-pink-printed-pants-2.JPG,Asos Maroon & Pink Printed Pants 2,Asos Maroon & Pink Printed Pants 2
C-D-RE-01,/remanika-black-one-shoulder-dress-with-elasticated-waist-2.JPG,/remanika-black-one-shoulder-dress-with-elasticated-waist-2.JPG,Remanika Black One Shoulder Dress With Elasticated Waist 2,/remanika-black-one-shoulder-dress-with-elasticated-waist-2.JPG,Remanika Black One Shoulder Dress With Elasticated Waist 2,Remanika Black One Shoulder Dress With Elasticated Waist 2
C-B-RBK-05,/reebok-black-shorts-with-pink-detailing-2.JPG,/reebok-black-shorts-with-pink-detailing-2.JPG,Reebok Black Shorts With Pink Detailing 2,/reebok-black-shorts-with-pink-detailing-2.JPG,Reebok Black Shorts With Pink Detailing 2,Reebok Black Shorts With Pink Detailing 2
C-T-MNS-69,/marks-and-spencer-black-top-with-gathers-on-shoulders-2.JPG,/marks-and-spencer-black-top-with-gathers-on-shoulders-2.JPG,Marks and Spencer Black Top With Gathers On Shoulders 2,/marks-and-spencer-black-top-with-gathers-on-shoulders-2.JPG,Marks and Spencer Black Top With Gathers On Shoulders 2,Marks and Spencer Black Top With Gathers On Shoulders 2
C-T-ZA-111,/zara-beige-shrug-2.JPG,/zara-beige-shrug-2.JPG,Zara Beige Shrug 2,/zara-beige-shrug-2.JPG,Zara Beige Shrug 2,Zara Beige Shrug 2
C-B-MNS-40,/marks-and-spencer-black-formal-pants-2.JPG,/marks-and-spencer-black-formal-pants-2.JPG,Marks and Spencer Black Formal Pants 2,/marks-and-spencer-black-formal-pants-2.JPG,Marks and Spencer Black Formal Pants 2,Marks and Spencer Black Formal Pants 2
C-T-MNS-70,/marks-and-spencer-white-formal-fullsleeves-shirt-2.JPG,/marks-and-spencer-white-formal-fullsleeves-shirt-2.JPG,Marks and Spencer White Formal Fullsleeves Shirt 2,/marks-and-spencer-white-formal-fullsleeves-shirt-2.JPG,Marks and Spencer White Formal Fullsleeves Shirt 2,Marks and Spencer White Formal Fullsleeves Shirt 2
C-T-RE-02,/remanika-white-&-green-polka-dot-top-with-lace-detailing-on-2.JPG,/remanika-white-&-green-polka-dot-top-with-lace-detailing-on-2.JPG,Remanika White & Green Polka Dot Top With Lace Detailing on 2,/remanika-white-&-green-polka-dot-top-with-lace-detailing-on-2.JPG,Remanika White & Green Polka Dot Top With Lace Detailing on 2,Remanika White & Green Polka Dot Top With Lace Detailing on 2
C-T-RE-03,/remanika-green-&-red-floral-printed-top-2.JPG,/remanika-green-&-red-floral-printed-top-2.JPG,Remanika Green & Red Floral Printed Top 2,/remanika-green-&-red-floral-printed-top-2.JPG,Remanika Green & Red Floral Printed Top 2,Remanika Green & Red Floral Printed Top 2
C-T-AX-16,/armani-exchange-black-full-sleeves-top-with-sequence-2.JPG,/armani-exchange-black-full-sleeves-top-with-sequence-2.JPG,Armani Exchange Black Full Sleeves Top With Sequence 2,/armani-exchange-black-full-sleeves-top-with-sequence-2.JPG,Armani Exchange Black Full Sleeves Top With Sequence 2,Armani Exchange Black Full Sleeves Top With Sequence 2
C-T-H&M-49,/h&m-orange-full-sleeves-shrug-2.JPG,/h&m-orange-full-sleeves-shrug-2.JPG,H&M Orange Full Sleeves Shrug 2,/h&m-orange-full-sleeves-shrug-2.JPG,H&M Orange Full Sleeves Shrug 2,H&M Orange Full Sleeves Shrug 2
C-D-RL-04,/ralph-lauren-green-&-yellow-printed-maxi-dress-2.JPG,/ralph-lauren-green-&-yellow-printed-maxi-dress-2.JPG,Ralph Lauren Green & Yellow Printed Maxi Dress 2,/ralph-lauren-green-&-yellow-printed-maxi-dress-2.JPG,Ralph Lauren Green & Yellow Printed Maxi Dress 2,Ralph Lauren Green & Yellow Printed Maxi Dress 2
C-O-H&M-03,/h&m-blue-cardigan-with-white-detailing-on-neckline-&-s-2.JPG,/h&m-blue-cardigan-with-white-detailing-on-neckline-&-s-2.JPG,H&M Blue Cardigan With White Detailing On Neckline & S 2,/h&m-blue-cardigan-with-white-detailing-on-neckline-&-s-2.JPG,H&M Blue Cardigan With White Detailing On Neckline & S 2,H&M Blue Cardigan With White Detailing On Neckline & S 2
B-H-SM-01,/steve-madden-brown-handbag-2.JPG,/steve-madden-brown-handbag-2.JPG,Steve Madden Brown Handbag 2,/steve-madden-brown-handbag-2.JPG,Steve Madden Brown Handbag 2,Steve Madden Brown Handbag 2
C-D-PJ-01,/pepe-jeans-beige-collared-dress-2.JPG,/pepe-jeans-beige-collared-dress-2.JPG,Pepe Jeans Beige Collared Dress 2,/pepe-jeans-beige-collared-dress-2.JPG,Pepe Jeans Beige Collared Dress 2,Pepe Jeans Beige Collared Dress 2
C-T-VM-48,/vero-moda-green-top-with-crochet-on-sleeves-2.JPG,/vero-moda-green-top-with-crochet-on-sleeves-2.JPG,Vero Moda Green Top With Crochet On Sleeves 2,/vero-moda-green-top-with-crochet-on-sleeves-2.JPG,Vero Moda Green Top With Crochet On Sleeves 2,Vero Moda Green Top With Crochet On Sleeves 2
C-T-CYJ-10,/chemistry-jeans-blue-laced-top-2.JPG,/chemistry-jeans-blue-laced-top-2.JPG,Chemistry Jeans Blue Laced Top 2,/chemistry-jeans-blue-laced-top-2.JPG,Chemistry Jeans Blue Laced Top 2,Chemistry Jeans Blue Laced Top 2
C-T-ZA-113,/zara-blue-&-white-printed-top-2.JPG,/zara-blue-&-white-printed-top-2.JPG,Zara Blue & White Printed Top 2,/zara-blue-&-white-printed-top-2.JPG,Zara Blue & White Printed Top 2,Zara Blue & White Printed Top 2
C-T-BOSS-06,"/bossini-green,-blue-&-red-striped-top-2.JPG","/bossini-green,-blue-&-red-striped-top-2.JPG","Bossini Green, Blue & Red Striped Top 2","/bossini-green,-blue-&-red-striped-top-2.JPG","Bossini Green, Blue & Red Striped Top 2","Bossini Green, Blue & Red Striped Top 2"
C-B-CYJ-01,/chemistry-jeans-blue-corduroy-jeggings-2.JPG,/chemistry-jeans-blue-corduroy-jeggings-2.JPG,Chemistry Jeans Blue Corduroy Jeggings 2,/chemistry-jeans-blue-corduroy-jeggings-2.JPG,Chemistry Jeans Blue Corduroy Jeggings 2,Chemistry Jeans Blue Corduroy Jeggings 2
C-B-VM-08,/vero-moda-peach-pants-with-belt-2.JPG,/vero-moda-peach-pants-with-belt-2.JPG,Vero Moda Peach Pants With Belt 2,/vero-moda-peach-pants-with-belt-2.JPG,Vero Moda Peach Pants With Belt 2,Vero Moda Peach Pants With Belt 2
C-T-PD-29,/promod-maroon-kaftan-2.JPG,/promod-maroon-kaftan-2.JPG,Promod Maroon Kaftan 2,/promod-maroon-kaftan-2.JPG,Promod Maroon Kaftan 2,Promod Maroon Kaftan 2
C-T-VIL-01,/vila-clothes-yellow-sleeveless-top-with-edging-2.JPG,/vila-clothes-yellow-sleeveless-top-with-edging-2.JPG,VILA Clothes Yellow Sleeveless Top With Edging 2,/vila-clothes-yellow-sleeveless-top-with-edging-2.JPG,VILA Clothes Yellow Sleeveless Top With Edging 2,VILA Clothes Yellow Sleeveless Top With Edging 2
C-D-IN-01,/inc-international-concept-black-&-pink-printed-full-sleeves-dress-2.JPG,/inc-international-concept-black-&-pink-printed-full-sleeves-dress-2.JPG,INC International Concept Black & Pink Printed Full Sleeves Dress 2,/inc-international-concept-black-&-pink-printed-full-sleeves-dress-2.JPG,INC International Concept Black & Pink Printed Full Sleeves Dress 2,INC International Concept Black & Pink Printed Full Sleeves Dress 2
C-D-IN-03,/inc-international-concept-black-&-blue-printed-dress-2.JPG,/inc-international-concept-black-&-blue-printed-dress-2.JPG,INC International Concept Black & Blue Printed Dress 2,/inc-international-concept-black-&-blue-printed-dress-2.JPG,INC International Concept Black & Blue Printed Dress 2,INC International Concept Black & Blue Printed Dress 2
C-D-BAJ-01,/bixby-&-jade-orange-halter-maxi-dress-2.JPG,/bixby-&-jade-orange-halter-maxi-dress-2.JPG,Bixby & Jade Orange Halter Maxi Dress 2,/bixby-&-jade-orange-halter-maxi-dress-2.JPG,Bixby & Jade Orange Halter Maxi Dress 2,Bixby & Jade Orange Halter Maxi Dress 2
C-T-H&M-51,/h&m-green-v-neck-top-2.JPG,/h&m-green-v-neck-top-2.JPG,H&M Green V-Neck Top 2,/h&m-green-v-neck-top-2.JPG,H&M Green V-Neck Top 2,H&M Green V-Neck Top 2
C-B-MC-01,/marie-claire-pink-leggings-2.JPG,/marie-claire-pink-leggings-2.JPG,Marie Claire Pink Leggings 2,/marie-claire-pink-leggings-2.JPG,Marie Claire Pink Leggings 2,Marie Claire Pink Leggings 2
C-SU-ANO-01,/anouk-red-kurta-with-golden-work-2.JPG,/anouk-red-kurta-with-golden-work-2.JPG,Anouk Red Kurta With Golden Work 2,/anouk-red-kurta-with-golden-work-2.JPG,Anouk Red Kurta With Golden Work 2,Anouk Red Kurta With Golden Work 2
C-D-ZA-48,/zara-black-tube-dress-with-polka-dot-2.JPG,/zara-black-tube-dress-with-polka-dot-2.JPG,Zara Black Tube Dress With Polka Dot 2,/zara-black-tube-dress-with-polka-dot-2.JPG,Zara Black Tube Dress With Polka Dot 2,Zara Black Tube Dress With Polka Dot 2
C-D-BE-04,/bebe-peach-laced-sleeveless-dress-2.JPG,/bebe-peach-laced-sleeveless-dress-2.JPG,Bebe Peach Laced Sleeveless Dress 2,/bebe-peach-laced-sleeveless-dress-2.JPG,Bebe Peach Laced Sleeveless Dress 2,Bebe Peach Laced Sleeveless Dress 2
C-T-MS-06,/miss-selfridge-blue-checked-crop-shirt-2.JPG,/miss-selfridge-blue-checked-crop-shirt-2.JPG,Miss Selfridge Blue Checked Crop Shirt 2,/miss-selfridge-blue-checked-crop-shirt-2.JPG,Miss Selfridge Blue Checked Crop Shirt 2,Miss Selfridge Blue Checked Crop Shirt 2
C-T-APL-01,/american-apparel-pink-floral-crop-top-2.JPG,/american-apparel-pink-floral-crop-top-2.JPG,American Apparel Pink Floral Crop Top 2,/american-apparel-pink-floral-crop-top-2.JPG,American Apparel Pink Floral Crop Top 2,American Apparel Pink Floral Crop Top 2
C-T-BSK-10,/bershka-grey-&-black-paisley-printed-top-2.JPG,/bershka-grey-&-black-paisley-printed-top-2.JPG,Bershka Grey & Black Paisley Printed Top 2,/bershka-grey-&-black-paisley-printed-top-2.JPG,Bershka Grey & Black Paisley Printed Top 2,Bershka Grey & Black Paisley Printed Top 2
C-T-BE-06,/bebe-pink-one-shoulder-laced-top-2.JPG,/bebe-pink-one-shoulder-laced-top-2.JPG,Bebe Pink One Shoulder Laced Top 2,/bebe-pink-one-shoulder-laced-top-2.JPG,Bebe Pink One Shoulder Laced Top 2,Bebe Pink One Shoulder Laced Top 2
C-T-TS-04,/top-shop-yellow-sleeveless-top-with-bow-2.JPG,/top-shop-yellow-sleeveless-top-with-bow-2.JPG,Top Shop Yellow Sleeveless Top With Bow 2,/top-shop-yellow-sleeveless-top-with-bow-2.JPG,Top Shop Yellow Sleeveless Top With Bow 2,Top Shop Yellow Sleeveless Top With Bow 2
C-T-H&M-53,/h&m-pink-&-blue-checked-shirt-2.JPG,/h&m-pink-&-blue-checked-shirt-2.JPG,H&M Pink & Blue Checked Shirt 2,/h&m-pink-&-blue-checked-shirt-2.JPG,H&M Pink & Blue Checked Shirt 2,H&M Pink & Blue Checked Shirt 2
C-T-TS-05,/top-shop-yellow-&-brown-checked-shirt-2.JPG,/top-shop-yellow-&-brown-checked-shirt-2.JPG,Top Shop Yellow & Brown Checked Shirt 2,/top-shop-yellow-&-brown-checked-shirt-2.JPG,Top Shop Yellow & Brown Checked Shirt 2,Top Shop Yellow & Brown Checked Shirt 2
C-D-BE-05,/bebe-pink-&-orange-sleeveless-dress-2.JPG,/bebe-pink-&-orange-sleeveless-dress-2.JPG,Bebe Pink & Orange Sleeveless Dress 2,/bebe-pink-&-orange-sleeveless-dress-2.JPG,Bebe Pink & Orange Sleeveless Dress 2,Bebe Pink & Orange Sleeveless Dress 2
C-D-NLK-02,/new-look-pink-&-blue-floral-sleeveless-dress-with-ruffles-2.JPG,/new-look-pink-&-blue-floral-sleeveless-dress-with-ruffles-2.JPG,New Look Pink & Blue Floral Sleeveless Dress With Ruffles 2,/new-look-pink-&-blue-floral-sleeveless-dress-with-ruffles-2.JPG,New Look Pink & Blue Floral Sleeveless Dress With Ruffles 2,New Look Pink & Blue Floral Sleeveless Dress With Ruffles 2
C-D-H&M-11,/h&m-black-laced-dress-2.JPG,/h&m-black-laced-dress-2.JPG,H&M Black Laced Dress 2,/h&m-black-laced-dress-2.JPG,H&M Black Laced Dress 2,H&M Black Laced Dress 2
C-T-RI-07,/river-island-purple-&-pink-floral-top-2.JPG,/river-island-purple-&-pink-floral-top-2.JPG,River Island Purple & Pink Floral Top 2,/river-island-purple-&-pink-floral-top-2.JPG,River Island Purple & Pink Floral Top 2,River Island Purple & Pink Floral Top 2
C-D-MS-06,/miss-selfridge-black-spaghetti-strap-maxi-dress-with-bow-2.JPG,/miss-selfridge-black-spaghetti-strap-maxi-dress-with-bow-2.JPG,Miss Selfridge Black Spaghetti Strap Maxi Dress With Bow 2,/miss-selfridge-black-spaghetti-strap-maxi-dress-with-bow-2.JPG,Miss Selfridge Black Spaghetti Strap Maxi Dress With Bow 2,Miss Selfridge Black Spaghetti Strap Maxi Dress With Bow 2
C-T-ZA-114,/zara-green-basic-top-2.JPG,/zara-green-basic-top-2.JPG,Zara Green Basic Top 2,/zara-green-basic-top-2.JPG,Zara Green Basic Top 2,Zara Green Basic Top 2
C-O-TS-01,/top-shop-black-striped-blazer-2.JPG,/top-shop-black-striped-blazer-2.JPG,Top Shop Black Striped Blazer 2,/top-shop-black-striped-blazer-2.JPG,Top Shop Black Striped Blazer 2,Top Shop Black Striped Blazer 2
C-T-PJ-04,/pepe-jeans-black-sleeveless-printed-top-2.JPG,/pepe-jeans-black-sleeveless-printed-top-2.JPG,Pepe Jeans Black Sleeveless Printed Top 2,/pepe-jeans-black-sleeveless-printed-top-2.JPG,Pepe Jeans Black Sleeveless Printed Top 2,Pepe Jeans Black Sleeveless Printed Top 2
C-J-ZA-04,/zara-blue-halter-jumpsuit-2.JPG,/zara-blue-halter-jumpsuit-2.JPG,Zara Blue Halter Jumpsuit 2,/zara-blue-halter-jumpsuit-2.JPG,Zara Blue Halter Jumpsuit 2,Zara Blue Halter Jumpsuit 2
C-B-ZA-49,/zara-white-&-blue-printed-trouser-2.JPG,/zara-white-&-blue-printed-trouser-2.JPG,Zara White & Blue Printed Trouser 2,/zara-white-&-blue-printed-trouser-2.JPG,Zara White & Blue Printed Trouser 2,Zara White & Blue Printed Trouser 2
C-B-PD-10,/promod-red-&-white-polka-dot-skirt-2.JPG,/promod-red-&-white-polka-dot-skirt-2.JPG,Promod Red & White Polka Dot Skirt 2,/promod-red-&-white-polka-dot-skirt-2.JPG,Promod Red & White Polka Dot Skirt 2,Promod Red & White Polka Dot Skirt 2
S-H-AO-20,/aldo-black-gladiator-heels-2.JPG,/aldo-black-gladiator-heels-2.JPG,Aldo Black Gladiator Heels 2,/aldo-black-gladiator-heels-2.JPG,Aldo Black Gladiator Heels 2,Aldo Black Gladiator Heels 2
S-H-GUC-01,/gucinari-blue-heels-with-buckle-2.JPG,/gucinari-blue-heels-with-buckle-2.JPG,Gucinari Blue Heels With Buckle 2,/gucinari-blue-heels-with-buckle-2.JPG,Gucinari Blue Heels With Buckle 2,Gucinari Blue Heels With Buckle 2
C-T-VM-49,/vero-moda-multi-color-spaghetti-strap-top-2.JPG,/vero-moda-multi-color-spaghetti-strap-top-2.JPG,Vero Moda Multi Color Spaghetti Strap Top 2,/vero-moda-multi-color-spaghetti-strap-top-2.JPG,Vero Moda Multi Color Spaghetti Strap Top 2,Vero Moda Multi Color Spaghetti Strap Top 2
C-T-PD-30,/promod-green-v-neck-top-2.JPG,/promod-green-v-neck-top-2.JPG,Promod Green V-Neck Top 2,/promod-green-v-neck-top-2.JPG,Promod Green V-Neck Top 2,Promod Green V-Neck Top 2
C-T-ZA-116,/zara-brown-tank-top-2.JPG,/zara-brown-tank-top-2.JPG,Zara Brown Tank Top 2,/zara-brown-tank-top-2.JPG,Zara Brown Tank Top 2,Zara Brown Tank Top 2
C-B-MNG-22,/mango-black-denim-jeans-with-belt-2.JPG,/mango-black-denim-jeans-with-belt-2.JPG,Mango Black Denim Jeans With Belt 2,/mango-black-denim-jeans-with-belt-2.JPG,Mango Black Denim Jeans With Belt 2,Mango Black Denim Jeans With Belt 2
C-D-OY-11,/only-white-floral-dress-with-elasticated-waist-2.JPG,/only-white-floral-dress-with-elasticated-waist-2.JPG,ONLY White Floral Dress With Elasticated Waist 2,/only-white-floral-dress-with-elasticated-waist-2.JPG,ONLY White Floral Dress With Elasticated Waist 2,ONLY White Floral Dress With Elasticated Waist 2
C-O-SLH-01,/splash-orange-basic-shrug-2.JPG,/splash-orange-basic-shrug-2.JPG,Splash Orange Basic Shrug 2,/splash-orange-basic-shrug-2.JPG,Splash Orange Basic Shrug 2,Splash Orange Basic Shrug 2
C-T-MNG-65,/mango-black-&-silver-top-2.JPG,/mango-black-&-silver-top-2.JPG,Mango Black & Silver Top 2,/mango-black-&-silver-top-2.JPG,Mango Black & Silver Top 2,Mango Black & Silver Top 2
C-T-VM-50,/vero-moda-blue-top-with-golden-buttons-2.JPG,/vero-moda-blue-top-with-golden-buttons-2.JPG,Vero Moda Blue Top With Golden Buttons 2,/vero-moda-blue-top-with-golden-buttons-2.JPG,Vero Moda Blue Top With Golden Buttons 2,Vero Moda Blue Top With Golden Buttons 2
C-D-NLK-03,/new-look-black-&-white-floral-dress-2.JPG,/new-look-black-&-white-floral-dress-2.JPG,New Look Black & White Floral Dress 2,/new-look-black-&-white-floral-dress-2.JPG,New Look Black & White Floral Dress 2,New Look Black & White Floral Dress 2
C-O-VM-06,/vero-moda-white-laced-shrug-2.JPG,/vero-moda-white-laced-shrug-2.JPG,Vero Moda White Laced Shrug 2,/vero-moda-white-laced-shrug-2.JPG,Vero Moda White Laced Shrug 2,Vero Moda White Laced Shrug 2
C-D-VM-19,/vero-moda-green-floral-spaghetti-strap-dress-2.JPG,/vero-moda-green-floral-spaghetti-strap-dress-2.JPG,Vero Moda Green Floral Spaghetti Strap Dress 2,/vero-moda-green-floral-spaghetti-strap-dress-2.JPG,Vero Moda Green Floral Spaghetti Strap Dress 2,Vero Moda Green Floral Spaghetti Strap Dress 2
C-B-GAS-03,/gas-blue-denim-with-detailing-on-back-pockets-2.JPG,/gas-blue-denim-with-detailing-on-back-pockets-2.JPG,GAS Blue Denim With Detailing On Back Pockets 2,/gas-blue-denim-with-detailing-on-back-pockets-2.JPG,GAS Blue Denim With Detailing On Back Pockets 2,GAS Blue Denim With Detailing On Back Pockets 2
C-B-ESP-07,/esprit-black-slim-fit-jeans-2.JPG,/esprit-black-slim-fit-jeans-2.JPG,Esprit Black Slim Fit Jeans 2,/esprit-black-slim-fit-jeans-2.JPG,Esprit Black Slim Fit Jeans 2,Esprit Black Slim Fit Jeans 2
C-T-VM-51,/vero-moda-white-pleated-top-2.JPG,/vero-moda-white-pleated-top-2.JPG,Vero Moda White Pleated Top 2,/vero-moda-white-pleated-top-2.JPG,Vero Moda White Pleated Top 2,Vero Moda White Pleated Top 2
C-D-BE-06,/bebe-black-&-purple-halter-dress-2.JPG,/bebe-black-&-purple-halter-dress-2.JPG,Bebe Black & Purple Halter Dress 2,/bebe-black-&-purple-halter-dress-2.JPG,Bebe Black & Purple Halter Dress 2,Bebe Black & Purple Halter Dress 2
C-D-JN-05,/jane-norman-red-&-black-beaded-tube-dress-2.JPG,/jane-norman-red-&-black-beaded-tube-dress-2.JPG,Jane Norman Red & Black Beaded Tube Dress 2,/jane-norman-red-&-black-beaded-tube-dress-2.JPG,Jane Norman Red & Black Beaded Tube Dress 2,Jane Norman Red & Black Beaded Tube Dress 2
C-B-ZA-50,/zara-light-brown-skirt-with-belt-2.JPG,/zara-light-brown-skirt-with-belt-2.JPG,Zara Light Brown Skirt With Belt 2,/zara-light-brown-skirt-with-belt-2.JPG,Zara Light Brown Skirt With Belt 2,Zara Light Brown Skirt With Belt 2
C-B-ZA-51,/zara-black-corduroy-pants-2.JPG,/zara-black-corduroy-pants-2.JPG,Zara Black corduroy Pants 2,/zara-black-corduroy-pants-2.JPG,Zara Black corduroy Pants 2,Zara Black corduroy Pants 2
C-B-ZA-52,/zara-brown-formal-trouser-2.JPG,/zara-brown-formal-trouser-2.JPG,Zara Brown Formal Trouser 2,/zara-brown-formal-trouser-2.JPG,Zara Brown Formal Trouser 2,Zara Brown Formal Trouser 2
C-T-BE-29,/bebe-black-top-with-silver-detailing-2.JPG,/bebe-black-top-with-silver-detailing-2.JPG,Bebe Black Top With Silver Detailing 2,/bebe-black-top-with-silver-detailing-2.JPG,Bebe Black Top With Silver Detailing 2,Bebe Black Top With Silver Detailing 2
C-T-BE-30,/bebe-black-top-with-silver-studs-2.JPG,/bebe-black-top-with-silver-studs-2.JPG,Bebe Black Top With Silver Studs 2,/bebe-black-top-with-silver-studs-2.JPG,Bebe Black Top With Silver Studs 2,Bebe Black Top With Silver Studs 2
C-T-BE-31,/bebe-black-top-with-silver-swarovski-2.JPG,/bebe-black-top-with-silver-swarovski-2.JPG,Bebe Black Top With Silver Swarovski 2,/bebe-black-top-with-silver-swarovski-2.JPG,Bebe Black Top With Silver Swarovski 2,Bebe Black Top With Silver Swarovski 2
C-B-ZA-54,/zara-green-formal-pants-2.JPG,/zara-green-formal-pants-2.JPG,Zara Green Formal Pants 2,/zara-green-formal-pants-2.JPG,Zara Green Formal Pants 2,Zara Green Formal Pants 2
C-SA-PRKA-01,/preeti-s-kapoor-red-&-orange-lehenga-2.JPG,/preeti-s-kapoor-red-&-orange-lehenga-2.JPG,Preeti S Kapoor Red & Orange Lehenga 2,/preeti-s-kapoor-red-&-orange-lehenga-2.JPG,Preeti S Kapoor Red & Orange Lehenga 2,Preeti S Kapoor Red & Orange Lehenga 2
C-SA-PRKA-02,/preeti-s-kapoor-pink-lehenga-with-embroidery-&-gota-2.JPG,/preeti-s-kapoor-pink-lehenga-with-embroidery-&-gota-2.JPG,Preeti S Kapoor Pink Lehenga with Embroidery & Gota 2,/preeti-s-kapoor-pink-lehenga-with-embroidery-&-gota-2.JPG,Preeti S Kapoor Pink Lehenga with Embroidery & Gota 2,Preeti S Kapoor Pink Lehenga with Embroidery & Gota 2
C-SA-PRKA-03,"/preeti-s-kapoor-pink,-yellow-&-green-lehenga-2.JPG","/preeti-s-kapoor-pink,-yellow-&-green-lehenga-2.JPG","Preeti S Kapoor Pink, Yellow & Green Lehenga 2","/preeti-s-kapoor-pink,-yellow-&-green-lehenga-2.JPG","Preeti S Kapoor Pink, Yellow & Green Lehenga 2","Preeti S Kapoor Pink, Yellow & Green Lehenga 2"
C-T-VM-46,/vero-moda-black-sleeveless-top-with-lace-detailing-2.JPG,/vero-moda-black-sleeveless-top-with-lace-detailing-2.JPG,Vero Moda Black Sleeveless Top With Lace Detailing 2,/vero-moda-black-sleeveless-top-with-lace-detailing-2.JPG,Vero Moda Black Sleeveless Top With Lace Detailing 2,Vero Moda Black Sleeveless Top With Lace Detailing 2
C-T-VM-47,/vero-moda-pink-&-blue-abstract-print-sleeveless-top-2.JPG,/vero-moda-pink-&-blue-abstract-print-sleeveless-top-2.JPG,Vero Moda Pink & Blue Abstract Print Sleeveless Top 2,/vero-moda-pink-&-blue-abstract-print-sleeveless-top-2.JPG,Vero Moda Pink & Blue Abstract Print Sleeveless Top 2,Vero Moda Pink & Blue Abstract Print Sleeveless Top 2
C-T-RKS-01,/rinku-sobti-black-&-green-kaftan-2.JPG,/rinku-sobti-black-&-green-kaftan-2.JPG,Rinku Sobti Black & Green Kaftan 2,/rinku-sobti-black-&-green-kaftan-2.JPG,Rinku Sobti Black & Green Kaftan 2,Rinku Sobti Black & Green Kaftan 2
C-T-BR-06,/banana-republic-light-purple-top-with-net-on-sleeves-2.JPG,/banana-republic-light-purple-top-with-net-on-sleeves-2.JPG,Banana Republic Light Purple Top With Net On Sleeves 2,/banana-republic-light-purple-top-with-net-on-sleeves-2.JPG,Banana Republic Light Purple Top With Net On Sleeves 2,Banana Republic Light Purple Top With Net On Sleeves 2
C-T-MD-07,/massimo-dutti-pink-knit-top-2.JPG,/massimo-dutti-pink-knit-top-2.JPG,Massimo Dutti Pink Knit Top 2,/massimo-dutti-pink-knit-top-2.JPG,Massimo Dutti Pink Knit Top 2,Massimo Dutti Pink Knit Top 2
C-T-WLS-13,/wills-white-top-with-orange-lining-2.JPG,/wills-white-top-with-orange-lining-2.JPG,Wills White Top With Orange Lining 2,/wills-white-top-with-orange-lining-2.JPG,Wills White Top With Orange Lining 2,Wills White Top With Orange Lining 2
B-W-C-01,/coach-black-leather-wallet-2.JPG,/coach-black-leather-wallet-2.JPG,Coach Black Leather Wallet 2,/coach-black-leather-wallet-2.JPG,Coach Black Leather Wallet 2,Coach Black Leather Wallet 2
,,,,,,
B-H-JCC-09,/juicy-couture-pink-bag-with-stud-on-front-1.JPG,/juicy-couture-pink-bag-with-stud-on-front-1.JPG,Juicy Couture Pink Bag With Stud On Front 1,/juicy-couture-pink-bag-with-stud-on-front-1.JPG,Juicy Couture Pink Bag With Stud On Front 1,Juicy Couture Pink Bag With Stud On Front 1
B-H-S-03,/sisley-yellow-small-bag-1.JPG,/sisley-yellow-small-bag-1.JPG,Sisley Yellow Small Bag 1,/sisley-yellow-small-bag-1.JPG,Sisley Yellow Small Bag 1,Sisley Yellow Small Bag 1
C-T-ZA-110,/zara-black-top-with-star-print-1.JPG,/zara-black-top-with-star-print-1.JPG,Zara Black Top With Star Print 1,/zara-black-top-with-star-print-1.JPG,Zara Black Top With Star Print 1,Zara Black Top With Star Print 1
C-T-NE-12,/next-black-&-white-polka-dot-top-1.JPG,/next-black-&-white-polka-dot-top-1.JPG,Next Black & White Polka Dot Top 1,/next-black-&-white-polka-dot-top-1.JPG,Next Black & White Polka Dot Top 1,Next Black & White Polka Dot Top 1
C-T-BSK-09,/bershka-blue-denim-waistcoat-with-studs-1.JPG,/bershka-blue-denim-waistcoat-with-studs-1.JPG,Bershka Blue Denim Waistcoat With Studs 1,/bershka-blue-denim-waistcoat-with-studs-1.JPG,Bershka Blue Denim Waistcoat With Studs 1,Bershka Blue Denim Waistcoat With Studs 1
C-D-ZA-47,/zara-blue-dress-with-golden-embellishment-1.JPG,/zara-blue-dress-with-golden-embellishment-1.JPG,Zara Blue Dress With Golden Embellishment 1,/zara-blue-dress-with-golden-embellishment-1.JPG,Zara Blue Dress With Golden Embellishment 1,Zara Blue Dress With Golden Embellishment 1
C-D-MNS-11,/marks-and-spencer-pink-halter-dress-1.JPG,/marks-and-spencer-pink-halter-dress-1.JPG,Marks and Spencer Pink Halter Dress 1,/marks-and-spencer-pink-halter-dress-1.JPG,Marks and Spencer Pink Halter Dress 1,Marks and Spencer Pink Halter Dress 1
C-T-ORO-01,/orous-yellow-top-with-golden-embellishment-1.JPG,/orous-yellow-top-with-golden-embellishment-1.JPG,Orous Yellow Top With Golden Embellishment 1,/orous-yellow-top-with-golden-embellishment-1.JPG,Orous Yellow Top With Golden Embellishment 1,Orous Yellow Top With Golden Embellishment 1
S-F-F-01,/fendi-brown-flats-1.JPG,/fendi-brown-flats-1.JPG,Fendi Brown Flats 1,/fendi-brown-flats-1.JPG,Fendi Brown Flats 1,Fendi Brown Flats 1
C-T-LT-05,/loft-white-sleeveless-top-with-ruffles-1.JPG,/loft-white-sleeveless-top-with-ruffles-1.JPG,Loft White Sleeveless Top With Ruffles 1,/loft-white-sleeveless-top-with-ruffles-1.JPG,Loft White Sleeveless Top With Ruffles 1,Loft White Sleeveless Top With Ruffles 1
C-T-NLK-01,/new-look-blue-top-with-pleated-detailing-1.JPG,/new-look-blue-top-with-pleated-detailing-1.JPG,New Look Blue Top With Pleated Detailing 1,/new-look-blue-top-with-pleated-detailing-1.JPG,New Look Blue Top With Pleated Detailing 1,New Look Blue Top With Pleated Detailing 1
C-T-MNS-67,/marks-and-spencer-black-top-with-gathered-neckline-1.JPG,/marks-and-spencer-black-top-with-gathered-neckline-1.JPG,Marks and Spencer Black Top With Gathered Neckline 1,/marks-and-spencer-black-top-with-gathered-neckline-1.JPG,Marks and Spencer Black Top With Gathered Neckline 1,Marks and Spencer Black Top With Gathered Neckline 1
C-T-UCB-48,/united-colors-of-benetton-black-shrug-1.JPG,/united-colors-of-benetton-black-shrug-1.JPG,United Colors of Benetton Black Shrug 1,/united-colors-of-benetton-black-shrug-1.JPG,United Colors of Benetton Black Shrug 1,United Colors of Benetton Black Shrug 1
C-T-WLS-14,/wills-white-&-blue-striped-formal-shirt-1.JPG,/wills-white-&-blue-striped-formal-shirt-1.JPG,Wills White & Blue Striped Formal Shirt 1,/wills-white-&-blue-striped-formal-shirt-1.JPG,Wills White & Blue Striped Formal Shirt 1,Wills White & Blue Striped Formal Shirt 1
C-B-ASOS-01,/asos-maroon-&-pink-printed-pants-1.JPG,/asos-maroon-&-pink-printed-pants-1.JPG,Asos Maroon & Pink Printed Pants 1,/asos-maroon-&-pink-printed-pants-1.JPG,Asos Maroon & Pink Printed Pants 1,Asos Maroon & Pink Printed Pants 1
C-D-RE-01,/remanika-black-one-shoulder-dress-with-elasticated-waist-1.JPG,/remanika-black-one-shoulder-dress-with-elasticated-waist-1.JPG,Remanika Black One Shoulder Dress With Elasticated Waist 1,/remanika-black-one-shoulder-dress-with-elasticated-waist-1.JPG,Remanika Black One Shoulder Dress With Elasticated Waist 1,Remanika Black One Shoulder Dress With Elasticated Waist 1
C-B-RBK-05,/reebok-black-shorts-with-pink-detailing-1.JPG,/reebok-black-shorts-with-pink-detailing-1.JPG,Reebok Black Shorts With Pink Detailing 1,/reebok-black-shorts-with-pink-detailing-1.JPG,Reebok Black Shorts With Pink Detailing 1,Reebok Black Shorts With Pink Detailing 1
C-T-MNS-69,/marks-and-spencer-black-top-with-gathers-on-shoulders-1.JPG,/marks-and-spencer-black-top-with-gathers-on-shoulders-1.JPG,Marks and Spencer Black Top With Gathers On Shoulders 1,/marks-and-spencer-black-top-with-gathers-on-shoulders-1.JPG,Marks and Spencer Black Top With Gathers On Shoulders 1,Marks and Spencer Black Top With Gathers On Shoulders 1
C-T-ZA-111,/zara-beige-shrug-1.JPG,/zara-beige-shrug-1.JPG,Zara Beige Shrug 1,/zara-beige-shrug-1.JPG,Zara Beige Shrug 1,Zara Beige Shrug 1
C-B-MNS-40,/marks-and-spencer-black-formal-pants-1.JPG,/marks-and-spencer-black-formal-pants-1.JPG,Marks and Spencer Black Formal Pants 1,/marks-and-spencer-black-formal-pants-1.JPG,Marks and Spencer Black Formal Pants 1,Marks and Spencer Black Formal Pants 1
C-T-MNS-70,/marks-and-spencer-white-formal-fullsleeves-shirt-1.JPG,/marks-and-spencer-white-formal-fullsleeves-shirt-1.JPG,Marks and Spencer White Formal Fullsleeves Shirt 1,/marks-and-spencer-white-formal-fullsleeves-shirt-1.JPG,Marks and Spencer White Formal Fullsleeves Shirt 1,Marks and Spencer White Formal Fullsleeves Shirt 1
C-T-RE-02,/remanika-white-&-green-polka-dot-top-with-lace-detailing-on-1.JPG,/remanika-white-&-green-polka-dot-top-with-lace-detailing-on-1.JPG,Remanika White & Green Polka Dot Top With Lace Detailing on 1,/remanika-white-&-green-polka-dot-top-with-lace-detailing-on-1.JPG,Remanika White & Green Polka Dot Top With Lace Detailing on 1,Remanika White & Green Polka Dot Top With Lace Detailing on 1
C-T-RE-03,/remanika-green-&-red-floral-printed-top-1.JPG,/remanika-green-&-red-floral-printed-top-1.JPG,Remanika Green & Red Floral Printed Top 1,/remanika-green-&-red-floral-printed-top-1.JPG,Remanika Green & Red Floral Printed Top 1,Remanika Green & Red Floral Printed Top 1
C-T-AX-16,/armani-exchange-black-full-sleeves-top-with-sequence-1.JPG,/armani-exchange-black-full-sleeves-top-with-sequence-1.JPG,Armani Exchange Black Full Sleeves Top With Sequence 1,/armani-exchange-black-full-sleeves-top-with-sequence-1.JPG,Armani Exchange Black Full Sleeves Top With Sequence 1,Armani Exchange Black Full Sleeves Top With Sequence 1
C-T-H&M-49,/h&m-orange-full-sleeves-shrug-1.JPG,/h&m-orange-full-sleeves-shrug-1.JPG,H&M Orange Full Sleeves Shrug 1,/h&m-orange-full-sleeves-shrug-1.JPG,H&M Orange Full Sleeves Shrug 1,H&M Orange Full Sleeves Shrug 1
C-D-RL-04,/ralph-lauren-green-&-yellow-printed-maxi-dress-1.JPG,/ralph-lauren-green-&-yellow-printed-maxi-dress-1.JPG,Ralph Lauren Green & Yellow Printed Maxi Dress 1,/ralph-lauren-green-&-yellow-printed-maxi-dress-1.JPG,Ralph Lauren Green & Yellow Printed Maxi Dress 1,Ralph Lauren Green & Yellow Printed Maxi Dress 1
C-O-H&M-03,/h&m-blue-cardigan-with-white-detailing-on-neckline-&-s-1.JPG,/h&m-blue-cardigan-with-white-detailing-on-neckline-&-s-1.JPG,H&M Blue Cardigan With White Detailing On Neckline & S 1,/h&m-blue-cardigan-with-white-detailing-on-neckline-&-s-1.JPG,H&M Blue Cardigan With White Detailing On Neckline & S 1,H&M Blue Cardigan With White Detailing On Neckline & S 1
B-H-SM-01,/steve-madden-brown-handbag-1.JPG,/steve-madden-brown-handbag-1.JPG,Steve Madden Brown Handbag 1,/steve-madden-brown-handbag-1.JPG,Steve Madden Brown Handbag 1,Steve Madden Brown Handbag 1
C-D-PJ-01,/pepe-jeans-beige-collared-dress-1.JPG,/pepe-jeans-beige-collared-dress-1.JPG,Pepe Jeans Beige Collared Dress 1,/pepe-jeans-beige-collared-dress-1.JPG,Pepe Jeans Beige Collared Dress 1,Pepe Jeans Beige Collared Dress 1
C-T-VM-48,/vero-moda-green-top-with-crochet-on-sleeves-1.JPG,/vero-moda-green-top-with-crochet-on-sleeves-1.JPG,Vero Moda Green Top With Crochet On Sleeves 1,/vero-moda-green-top-with-crochet-on-sleeves-1.JPG,Vero Moda Green Top With Crochet On Sleeves 1,Vero Moda Green Top With Crochet On Sleeves 1
C-T-CYJ-10,/chemistry-jeans-blue-laced-top-1.JPG,/chemistry-jeans-blue-laced-top-1.JPG,Chemistry Jeans Blue Laced Top 1,/chemistry-jeans-blue-laced-top-1.JPG,Chemistry Jeans Blue Laced Top 1,Chemistry Jeans Blue Laced Top 1
C-T-ZA-113,/zara-blue-&-white-printed-top-1.JPG,/zara-blue-&-white-printed-top-1.JPG,Zara Blue & White Printed Top 1,/zara-blue-&-white-printed-top-1.JPG,Zara Blue & White Printed Top 1,Zara Blue & White Printed Top 1
C-T-BOSS-06,"/bossini-green,-blue-&-red-striped-top-1.JPG","/bossini-green,-blue-&-red-striped-top-1.JPG","Bossini Green, Blue & Red Striped Top 1","/bossini-green,-blue-&-red-striped-top-1.JPG","Bossini Green, Blue & Red Striped Top 1","Bossini Green, Blue & Red Striped Top 1"
C-B-CYJ-01,/chemistry-jeans-blue-corduroy-jeggings-1.JPG,/chemistry-jeans-blue-corduroy-jeggings-1.JPG,Chemistry Jeans Blue Corduroy Jeggings 1,/chemistry-jeans-blue-corduroy-jeggings-1.JPG,Chemistry Jeans Blue Corduroy Jeggings 1,Chemistry Jeans Blue Corduroy Jeggings 1
C-B-VM-08,/vero-moda-peach-pants-with-belt-1.JPG,/vero-moda-peach-pants-with-belt-1.JPG,Vero Moda Peach Pants With Belt 1,/vero-moda-peach-pants-with-belt-1.JPG,Vero Moda Peach Pants With Belt 1,Vero Moda Peach Pants With Belt 1
C-T-PD-29,/promod-maroon-kaftan-1.JPG,/promod-maroon-kaftan-1.JPG,Promod Maroon Kaftan 1,/promod-maroon-kaftan-1.JPG,Promod Maroon Kaftan 1,Promod Maroon Kaftan 1
C-T-VIL-01,/vila-clothes-yellow-sleeveless-top-with-edging-1.JPG,/vila-clothes-yellow-sleeveless-top-with-edging-1.JPG,VILA Clothes Yellow Sleeveless Top With Edging 1,/vila-clothes-yellow-sleeveless-top-with-edging-1.JPG,VILA Clothes Yellow Sleeveless Top With Edging 1,VILA Clothes Yellow Sleeveless Top With Edging 1
C-D-IN-01,/inc-international-concept-black-&-pink-printed-full-sleeves-dress-1.JPG,/inc-international-concept-black-&-pink-printed-full-sleeves-dress-1.JPG,INC International Concept Black & Pink Printed Full Sleeves Dress 1,/inc-international-concept-black-&-pink-printed-full-sleeves-dress-1.JPG,INC International Concept Black & Pink Printed Full Sleeves Dress 1,INC International Concept Black & Pink Printed Full Sleeves Dress 1
C-D-IN-03,/inc-international-concept-black-&-blue-printed-dress-1.JPG,/inc-international-concept-black-&-blue-printed-dress-1.JPG,INC International Concept Black & Blue Printed Dress 1,/inc-international-concept-black-&-blue-printed-dress-1.JPG,INC International Concept Black & Blue Printed Dress 1,INC International Concept Black & Blue Printed Dress 1
C-D-BAJ-01,/bixby-&-jade-orange-halter-maxi-dress-1.JPG,/bixby-&-jade-orange-halter-maxi-dress-1.JPG,Bixby & Jade Orange Halter Maxi Dress 1,/bixby-&-jade-orange-halter-maxi-dress-1.JPG,Bixby & Jade Orange Halter Maxi Dress 1,Bixby & Jade Orange Halter Maxi Dress 1
C-T-H&M-51,/h&m-green-v-neck-top-1.JPG,/h&m-green-v-neck-top-1.JPG,H&M Green V-Neck Top 1,/h&m-green-v-neck-top-1.JPG,H&M Green V-Neck Top 1,H&M Green V-Neck Top 1
C-B-MC-01,/marie-claire-pink-leggings-1.JPG,/marie-claire-pink-leggings-1.JPG,Marie Claire Pink Leggings 1,/marie-claire-pink-leggings-1.JPG,Marie Claire Pink Leggings 1,Marie Claire Pink Leggings 1
C-SU-ANO-01,/anouk-red-kurta-with-golden-work-1.JPG,/anouk-red-kurta-with-golden-work-1.JPG,Anouk Red Kurta With Golden Work 1,/anouk-red-kurta-with-golden-work-1.JPG,Anouk Red Kurta With Golden Work 1,Anouk Red Kurta With Golden Work 1
C-D-ZA-48,/zara-black-tube-dress-with-polka-dot-1.JPG,/zara-black-tube-dress-with-polka-dot-1.JPG,Zara Black Tube Dress With Polka Dot 1,/zara-black-tube-dress-with-polka-dot-1.JPG,Zara Black Tube Dress With Polka Dot 1,Zara Black Tube Dress With Polka Dot 1
C-D-BE-04,/bebe-peach-laced-sleeveless-dress-1.JPG,/bebe-peach-laced-sleeveless-dress-1.JPG,Bebe Peach Laced Sleeveless Dress 1,/bebe-peach-laced-sleeveless-dress-1.JPG,Bebe Peach Laced Sleeveless Dress 1,Bebe Peach Laced Sleeveless Dress 1
C-T-MS-06,/miss-selfridge-blue-checked-crop-shirt-1.JPG,/miss-selfridge-blue-checked-crop-shirt-1.JPG,Miss Selfridge Blue Checked Crop Shirt 1,/miss-selfridge-blue-checked-crop-shirt-1.JPG,Miss Selfridge Blue Checked Crop Shirt 1,Miss Selfridge Blue Checked Crop Shirt 1
C-T-APL-01,/american-apparel-pink-floral-crop-top-1.JPG,/american-apparel-pink-floral-crop-top-1.JPG,American Apparel Pink Floral Crop Top 1,/american-apparel-pink-floral-crop-top-1.JPG,American Apparel Pink Floral Crop Top 1,American Apparel Pink Floral Crop Top 1
C-T-BSK-10,/bershka-grey-&-black-paisley-printed-top-1.JPG,/bershka-grey-&-black-paisley-printed-top-1.JPG,Bershka Grey & Black Paisley Printed Top 1,/bershka-grey-&-black-paisley-printed-top-1.JPG,Bershka Grey & Black Paisley Printed Top 1,Bershka Grey & Black Paisley Printed Top 1
C-T-BE-06,/bebe-pink-one-shoulder-laced-top-1.JPG,/bebe-pink-one-shoulder-laced-top-1.JPG,Bebe Pink One Shoulder Laced Top 1,/bebe-pink-one-shoulder-laced-top-1.JPG,Bebe Pink One Shoulder Laced Top 1,Bebe Pink One Shoulder Laced Top 1
C-T-TS-04,/top-shop-yellow-sleeveless-top-with-bow-1.JPG,/top-shop-yellow-sleeveless-top-with-bow-1.JPG,Top Shop Yellow Sleeveless Top With Bow 1,/top-shop-yellow-sleeveless-top-with-bow-1.JPG,Top Shop Yellow Sleeveless Top With Bow 1,Top Shop Yellow Sleeveless Top With Bow 1
C-T-H&M-53,/h&m-pink-&-blue-checked-shirt-1.JPG,/h&m-pink-&-blue-checked-shirt-1.JPG,H&M Pink & Blue Checked Shirt 1,/h&m-pink-&-blue-checked-shirt-1.JPG,H&M Pink & Blue Checked Shirt 1,H&M Pink & Blue Checked Shirt 1
C-T-TS-05,/top-shop-yellow-&-brown-checked-shirt-1.JPG,/top-shop-yellow-&-brown-checked-shirt-1.JPG,Top Shop Yellow & Brown Checked Shirt 1,/top-shop-yellow-&-brown-checked-shirt-1.JPG,Top Shop Yellow & Brown Checked Shirt 1,Top Shop Yellow & Brown Checked Shirt 1
C-D-BE-05,/bebe-pink-&-orange-sleeveless-dress-1.JPG,/bebe-pink-&-orange-sleeveless-dress-1.JPG,Bebe Pink & Orange Sleeveless Dress 1,/bebe-pink-&-orange-sleeveless-dress-1.JPG,Bebe Pink & Orange Sleeveless Dress 1,Bebe Pink & Orange Sleeveless Dress 1
C-D-NLK-02,/new-look-pink-&-blue-floral-sleeveless-dress-with-ruffles-1.JPG,/new-look-pink-&-blue-floral-sleeveless-dress-with-ruffles-1.JPG,New Look Pink & Blue Floral Sleeveless Dress With Ruffles 1,/new-look-pink-&-blue-floral-sleeveless-dress-with-ruffles-1.JPG,New Look Pink & Blue Floral Sleeveless Dress With Ruffles 1,New Look Pink & Blue Floral Sleeveless Dress With Ruffles 1
C-D-H&M-11,/h&m-black-laced-dress-1.JPG,/h&m-black-laced-dress-1.JPG,H&M Black Laced Dress 1,/h&m-black-laced-dress-1.JPG,H&M Black Laced Dress 1,H&M Black Laced Dress 1
C-T-RI-07,/river-island-purple-&-pink-floral-top-1.JPG,/river-island-purple-&-pink-floral-top-1.JPG,River Island Purple & Pink Floral Top 1,/river-island-purple-&-pink-floral-top-1.JPG,River Island Purple & Pink Floral Top 1,River Island Purple & Pink Floral Top 1
C-D-MS-06,/miss-selfridge-black-spaghetti-strap-maxi-dress-with-bow-1.JPG,/miss-selfridge-black-spaghetti-strap-maxi-dress-with-bow-1.JPG,Miss Selfridge Black Spaghetti Strap Maxi Dress With Bow 1,/miss-selfridge-black-spaghetti-strap-maxi-dress-with-bow-1.JPG,Miss Selfridge Black Spaghetti Strap Maxi Dress With Bow 1,Miss Selfridge Black Spaghetti Strap Maxi Dress With Bow 1
C-T-ZA-114,/zara-green-basic-top-1.JPG,/zara-green-basic-top-1.JPG,Zara Green Basic Top 1,/zara-green-basic-top-1.JPG,Zara Green Basic Top 1,Zara Green Basic Top 1
C-O-TS-01,/top-shop-black-striped-blazer-1.JPG,/top-shop-black-striped-blazer-1.JPG,Top Shop Black Striped Blazer 1,/top-shop-black-striped-blazer-1.JPG,Top Shop Black Striped Blazer 1,Top Shop Black Striped Blazer 1
C-T-PJ-04,/pepe-jeans-black-sleeveless-printed-top-1.JPG,/pepe-jeans-black-sleeveless-printed-top-1.JPG,Pepe Jeans Black Sleeveless Printed Top 1,/pepe-jeans-black-sleeveless-printed-top-1.JPG,Pepe Jeans Black Sleeveless Printed Top 1,Pepe Jeans Black Sleeveless Printed Top 1
C-J-ZA-04,/zara-blue-halter-jumpsuit-1.JPG,/zara-blue-halter-jumpsuit-1.JPG,Zara Blue Halter Jumpsuit 1,/zara-blue-halter-jumpsuit-1.JPG,Zara Blue Halter Jumpsuit 1,Zara Blue Halter Jumpsuit 1
C-B-ZA-49,/zara-white-&-blue-printed-trouser-1.JPG,/zara-white-&-blue-printed-trouser-1.JPG,Zara White & Blue Printed Trouser 1,/zara-white-&-blue-printed-trouser-1.JPG,Zara White & Blue Printed Trouser 1,Zara White & Blue Printed Trouser 1
C-B-PD-10,/promod-red-&-white-polka-dot-skirt-1.JPG,/promod-red-&-white-polka-dot-skirt-1.JPG,Promod Red & White Polka Dot Skirt 1,/promod-red-&-white-polka-dot-skirt-1.JPG,Promod Red & White Polka Dot Skirt 1,Promod Red & White Polka Dot Skirt 1
S-H-AO-20,/aldo-black-gladiator-heels-1.JPG,/aldo-black-gladiator-heels-1.JPG,Aldo Black Gladiator Heels 1,/aldo-black-gladiator-heels-1.JPG,Aldo Black Gladiator Heels 1,Aldo Black Gladiator Heels 1
S-H-GUC-01,/gucinari-blue-heels-with-buckle-1.JPG,/gucinari-blue-heels-with-buckle-1.JPG,Gucinari Blue Heels With Buckle 1,/gucinari-blue-heels-with-buckle-1.JPG,Gucinari Blue Heels With Buckle 1,Gucinari Blue Heels With Buckle 1
C-T-VM-49,/vero-moda-multi-color-spaghetti-strap-top-1.JPG,/vero-moda-multi-color-spaghetti-strap-top-1.JPG,Vero Moda Multi Color Spaghetti Strap Top 1,/vero-moda-multi-color-spaghetti-strap-top-1.JPG,Vero Moda Multi Color Spaghetti Strap Top 1,Vero Moda Multi Color Spaghetti Strap Top 1
C-T-PD-30,/promod-green-v-neck-top-1.JPG,/promod-green-v-neck-top-1.JPG,Promod Green V-Neck Top 1,/promod-green-v-neck-top-1.JPG,Promod Green V-Neck Top 1,Promod Green V-Neck Top 1
C-T-ZA-116,/zara-brown-tank-top-1.JPG,/zara-brown-tank-top-1.JPG,Zara Brown Tank Top 1,/zara-brown-tank-top-1.JPG,Zara Brown Tank Top 1,Zara Brown Tank Top 1
C-B-MNG-22,/mango-black-denim-jeans-with-belt-1.JPG,/mango-black-denim-jeans-with-belt-1.JPG,Mango Black Denim Jeans With Belt 1,/mango-black-denim-jeans-with-belt-1.JPG,Mango Black Denim Jeans With Belt 1,Mango Black Denim Jeans With Belt 1
C-D-OY-11,/only-white-floral-dress-with-elasticated-waist-1.JPG,/only-white-floral-dress-with-elasticated-waist-1.JPG,ONLY White Floral Dress With Elasticated Waist 1,/only-white-floral-dress-with-elasticated-waist-1.JPG,ONLY White Floral Dress With Elasticated Waist 1,ONLY White Floral Dress With Elasticated Waist 1
C-O-SLH-01,/splash-orange-basic-shrug-1.JPG,/splash-orange-basic-shrug-1.JPG,Splash Orange Basic Shrug 1,/splash-orange-basic-shrug-1.JPG,Splash Orange Basic Shrug 1,Splash Orange Basic Shrug 1
C-T-MNG-65,/mango-black-&-silver-top-1.JPG,/mango-black-&-silver-top-1.JPG,Mango Black & Silver Top 1,/mango-black-&-silver-top-1.JPG,Mango Black & Silver Top 1,Mango Black & Silver Top 1
C-T-VM-50,/vero-moda-blue-top-with-golden-buttons-1.JPG,/vero-moda-blue-top-with-golden-buttons-1.JPG,Vero Moda Blue Top With Golden Buttons 1,/vero-moda-blue-top-with-golden-buttons-1.JPG,Vero Moda Blue Top With Golden Buttons 1,Vero Moda Blue Top With Golden Buttons 1
C-D-NLK-03,/new-look-black-&-white-floral-dress-1.JPG,/new-look-black-&-white-floral-dress-1.JPG,New Look Black & White Floral Dress 1,/new-look-black-&-white-floral-dress-1.JPG,New Look Black & White Floral Dress 1,New Look Black & White Floral Dress 1
C-O-VM-06,/vero-moda-white-laced-shrug-1.JPG,/vero-moda-white-laced-shrug-1.JPG,Vero Moda White Laced Shrug 1,/vero-moda-white-laced-shrug-1.JPG,Vero Moda White Laced Shrug 1,Vero Moda White Laced Shrug 1
C-D-VM-19,/vero-moda-green-floral-spaghetti-strap-dress-1.JPG,/vero-moda-green-floral-spaghetti-strap-dress-1.JPG,Vero Moda Green Floral Spaghetti Strap Dress 1,/vero-moda-green-floral-spaghetti-strap-dress-1.JPG,Vero Moda Green Floral Spaghetti Strap Dress 1,Vero Moda Green Floral Spaghetti Strap Dress 1
C-B-GAS-03,/gas-blue-denim-with-detailing-on-back-pockets-1.JPG,/gas-blue-denim-with-detailing-on-back-pockets-1.JPG,GAS Blue Denim With Detailing On Back Pockets 1,/gas-blue-denim-with-detailing-on-back-pockets-1.JPG,GAS Blue Denim With Detailing On Back Pockets 1,GAS Blue Denim With Detailing On Back Pockets 1
C-B-ESP-07,/esprit-black-slim-fit-jeans-1.JPG,/esprit-black-slim-fit-jeans-1.JPG,Esprit Black Slim Fit Jeans 1,/esprit-black-slim-fit-jeans-1.JPG,Esprit Black Slim Fit Jeans 1,Esprit Black Slim Fit Jeans 1
C-T-VM-51,/vero-moda-white-pleated-top-1.JPG,/vero-moda-white-pleated-top-1.JPG,Vero Moda White Pleated Top 1,/vero-moda-white-pleated-top-1.JPG,Vero Moda White Pleated Top 1,Vero Moda White Pleated Top 1
C-D-BE-06,/bebe-black-&-purple-halter-dress-1.JPG,/bebe-black-&-purple-halter-dress-1.JPG,Bebe Black & Purple Halter Dress 1,/bebe-black-&-purple-halter-dress-1.JPG,Bebe Black & Purple Halter Dress 1,Bebe Black & Purple Halter Dress 1
C-D-JN-05,/jane-norman-red-&-black-beaded-tube-dress-1.JPG,/jane-norman-red-&-black-beaded-tube-dress-1.JPG,Jane Norman Red & Black Beaded Tube Dress 1,/jane-norman-red-&-black-beaded-tube-dress-1.JPG,Jane Norman Red & Black Beaded Tube Dress 1,Jane Norman Red & Black Beaded Tube Dress 1
C-B-ZA-50,/zara-light-brown-skirt-with-belt-1.JPG,/zara-light-brown-skirt-with-belt-1.JPG,Zara Light Brown Skirt With Belt 1,/zara-light-brown-skirt-with-belt-1.JPG,Zara Light Brown Skirt With Belt 1,Zara Light Brown Skirt With Belt 1
C-B-ZA-51,/zara-black-corduroy-pants-1.JPG,/zara-black-corduroy-pants-1.JPG,Zara Black corduroy Pants 1,/zara-black-corduroy-pants-1.JPG,Zara Black corduroy Pants 1,Zara Black corduroy Pants 1
C-B-ZA-52,/zara-brown-formal-trouser-1.JPG,/zara-brown-formal-trouser-1.JPG,Zara Brown Formal Trouser 1,/zara-brown-formal-trouser-1.JPG,Zara Brown Formal Trouser 1,Zara Brown Formal Trouser 1
C-T-BE-29,/bebe-black-top-with-silver-detailing-1.JPG,/bebe-black-top-with-silver-detailing-1.JPG,Bebe Black Top With Silver Detailing 1,/bebe-black-top-with-silver-detailing-1.JPG,Bebe Black Top With Silver Detailing 1,Bebe Black Top With Silver Detailing 1
C-T-BE-30,/bebe-black-top-with-silver-studs-1.JPG,/bebe-black-top-with-silver-studs-1.JPG,Bebe Black Top With Silver Studs 1,/bebe-black-top-with-silver-studs-1.JPG,Bebe Black Top With Silver Studs 1,Bebe Black Top With Silver Studs 1
C-T-BE-31,/bebe-black-top-with-silver-swarovski-1.JPG,/bebe-black-top-with-silver-swarovski-1.JPG,Bebe Black Top With Silver Swarovski 1,/bebe-black-top-with-silver-swarovski-1.JPG,Bebe Black Top With Silver Swarovski 1,Bebe Black Top With Silver Swarovski 1
C-B-ZA-54,/zara-green-formal-pants-1.JPG,/zara-green-formal-pants-1.JPG,Zara Green Formal Pants 1,/zara-green-formal-pants-1.JPG,Zara Green Formal Pants 1,Zara Green Formal Pants 1
C-SA-PRKA-01,/preeti-s-kapoor-red-&-orange-lehenga-1.JPG,/preeti-s-kapoor-red-&-orange-lehenga-1.JPG,Preeti S Kapoor Red & Orange Lehenga 1,/preeti-s-kapoor-red-&-orange-lehenga-1.JPG,Preeti S Kapoor Red & Orange Lehenga 1,Preeti S Kapoor Red & Orange Lehenga 1
C-SA-PRKA-02,/preeti-s-kapoor-pink-lehenga-with-embroidery-&-gota-1.JPG,/preeti-s-kapoor-pink-lehenga-with-embroidery-&-gota-1.JPG,Preeti S Kapoor Pink Lehenga with Embroidery & Gota 1,/preeti-s-kapoor-pink-lehenga-with-embroidery-&-gota-1.JPG,Preeti S Kapoor Pink Lehenga with Embroidery & Gota 1,Preeti S Kapoor Pink Lehenga with Embroidery & Gota 1
C-SA-PRKA-03,"/preeti-s-kapoor-pink,-yellow-&-green-lehenga-1.JPG","/preeti-s-kapoor-pink,-yellow-&-green-lehenga-1.JPG","Preeti S Kapoor Pink, Yellow & Green Lehenga 1","/preeti-s-kapoor-pink,-yellow-&-green-lehenga-1.JPG","Preeti S Kapoor Pink, Yellow & Green Lehenga 1","Preeti S Kapoor Pink, Yellow & Green Lehenga 1"
0,/--1.JPG,/--1.JPG,  1,/--1.JPG,  1,  1
C-T-VM-46,/vero-moda-black-sleeveless-top-with-lace-detailing-1.JPG,/vero-moda-black-sleeveless-top-with-lace-detailing-1.JPG,Vero Moda Black Sleeveless Top With Lace Detailing 1,/vero-moda-black-sleeveless-top-with-lace-detailing-1.JPG,Vero Moda Black Sleeveless Top With Lace Detailing 1,Vero Moda Black Sleeveless Top With Lace Detailing 1
C-T-VM-47,/vero-moda-pink-&-blue-abstract-print-sleeveless-top-1.JPG,/vero-moda-pink-&-blue-abstract-print-sleeveless-top-1.JPG,Vero Moda Pink & Blue Abstract Print Sleeveless Top 1,/vero-moda-pink-&-blue-abstract-print-sleeveless-top-1.JPG,Vero Moda Pink & Blue Abstract Print Sleeveless Top 1,Vero Moda Pink & Blue Abstract Print Sleeveless Top 1
C-T-RKS-01,/rinku-sobti-black-&-green-kaftan-1.JPG,/rinku-sobti-black-&-green-kaftan-1.JPG,Rinku Sobti Black & Green Kaftan 1,/rinku-sobti-black-&-green-kaftan-1.JPG,Rinku Sobti Black & Green Kaftan 1,Rinku Sobti Black & Green Kaftan 1
C-T-BR-06,/banana-republic-light-purple-top-with-net-on-sleeves-1.JPG,/banana-republic-light-purple-top-with-net-on-sleeves-1.JPG,Banana Republic Light Purple Top With Net On Sleeves 1,/banana-republic-light-purple-top-with-net-on-sleeves-1.JPG,Banana Republic Light Purple Top With Net On Sleeves 1,Banana Republic Light Purple Top With Net On Sleeves 1
C-T-MD-07,/massimo-dutti-pink-knit-top-1.JPG,/massimo-dutti-pink-knit-top-1.JPG,Massimo Dutti Pink Knit Top 1,/massimo-dutti-pink-knit-top-1.JPG,Massimo Dutti Pink Knit Top 1,Massimo Dutti Pink Knit Top 1
C-T-WLS-13,/wills-white-top-with-orange-lining-1.JPG,/wills-white-top-with-orange-lining-1.JPG,Wills White Top With Orange Lining 1,/wills-white-top-with-orange-lining-1.JPG,Wills White Top With Orange Lining 1,Wills White Top With Orange Lining 1
B-W-C-01,/coach-black-leather-wallet-1.JPG,/coach-black-leather-wallet-1.JPG,Coach Black Leather Wallet 1,/coach-black-leather-wallet-1.JPG,Coach Black Leather Wallet 1,Coach Black Leather Wallet 1